"SYMBOL","PathwayID"
"C1QA","hsa05171"
"C1R","hsa05171"
"C1S","hsa05171"
"C3","hsa05171"
"C4A","hsa05171"
"C4B","hsa05171"
"CCL2","hsa05171"
"CSF2","hsa05171"
"CSF3","hsa05171"
"CXCL10","hsa05171"
"CXCL8","hsa05171"
"EGFR","hsa05171"
"FAU","hsa05171"
"FOS","hsa05171"
"IKBKG","hsa05171"
"IL1B","hsa05171"
"IL2","hsa05171"
"IL6","hsa05171"
"IL6R","hsa05171"
"IL6ST","hsa05171"
"JAK1","hsa05171"
"JUN","hsa05171"
"MASP2","hsa05171"
"RPL10","hsa05171"
"RPL10A","hsa05171"
"RPL10L","hsa05171"
"RPL11","hsa05171"
"RPL12","hsa05171"
"RPL13","hsa05171"
"RPL13A","hsa05171"
"RPL14","hsa05171"
"RPL15","hsa05171"
"RPL17","hsa05171"
"RPL17-C18orf32","hsa05171"
"RPL18","hsa05171"
"RPL18A","hsa05171"
"RPL19","hsa05171"
"RPL21","hsa05171"
"RPL22","hsa05171"
"RPL23","hsa05171"
"RPL23A","hsa05171"
"RPL24","hsa05171"
"RPL26","hsa05171"
"RPL26L1","hsa05171"
"RPL27","hsa05171"
"RPL27A","hsa05171"
"RPL28","hsa05171"
"RPL29","hsa05171"
"RPL3","hsa05171"
"RPL30","hsa05171"
"RPL31","hsa05171"
"RPL32","hsa05171"
"RPL34","hsa05171"
"RPL35","hsa05171"
"RPL35A","hsa05171"
"RPL36","hsa05171"
"RPL36A","hsa05171"
"RPL37","hsa05171"
"RPL37A","hsa05171"
"RPL38","hsa05171"
"RPL39","hsa05171"
"RPL4","hsa05171"
"RPL5","hsa05171"
"RPL6","hsa05171"
"RPL7","hsa05171"
"RPL7A","hsa05171"
"RPL8","hsa05171"
"RPL9","hsa05171"
"RPLP0","hsa05171"
"RPLP1","hsa05171"
"RPLP2","hsa05171"
"RPS10","hsa05171"
"RPS10-NUDT3","hsa05171"
"RPS11","hsa05171"
"RPS12","hsa05171"
"RPS13","hsa05171"
"RPS14","hsa05171"
"RPS15","hsa05171"
"RPS15A","hsa05171"
"RPS16","hsa05171"
"RPS17","hsa05171"
"RPS18","hsa05171"
"RPS19","hsa05171"
"RPS2","hsa05171"
"RPS20","hsa05171"
"RPS21","hsa05171"
"RPS23","hsa05171"
"RPS24","hsa05171"
"RPS25","hsa05171"
"RPS26","hsa05171"
"RPS27","hsa05171"
"RPS27A","hsa05171"
"RPS27L","hsa05171"
"RPS28","hsa05171"
"RPS29","hsa05171"
"RPS3","hsa05171"
"RPS3A","hsa05171"
"RPS4X","hsa05171"
"RPS5","hsa05171"
"RPS6","hsa05171"
"RPS7","hsa05171"
"RPS8","hsa05171"
"RPS9","hsa05171"
"RPSA","hsa05171"
"RSL24D1","hsa05171"
"SELP","hsa05171"
"STAT3","hsa05171"
"TNF","hsa05171"
"TRAF6","hsa05171"
"UBA52","hsa05171"
"ABL1","hsa04110"
"ANAPC1","hsa04110"
"ANAPC10","hsa04110"
"ANAPC11","hsa04110"
"ANAPC13","hsa04110"
"ANAPC16","hsa04110"
"ANAPC2","hsa04110"
"ANAPC4","hsa04110"
"ANAPC5","hsa04110"
"ANAPC7","hsa04110"
"ATM","hsa04110"
"AURKB","hsa04110"
"BUB1","hsa04110"
"BUB1B","hsa04110"
"BUB3","hsa04110"
"CCNA1","hsa04110"
"CCNA2","hsa04110"
"CCNB1","hsa04110"
"CCNB2","hsa04110"
"CCNB3","hsa04110"
"CCND1","hsa04110"
"CCND3","hsa04110"
"CCNE1","hsa04110"
"CCNE2","hsa04110"
"CCNH","hsa04110"
"CDC16","hsa04110"
"CDC20","hsa04110"
"CDC23","hsa04110"
"CDC25A","hsa04110"
"CDC25B","hsa04110"
"CDC25C","hsa04110"
"CDC26","hsa04110"
"CDC27","hsa04110"
"CDC6","hsa04110"
"CDCA5","hsa04110"
"CDK1","hsa04110"
"CDK2","hsa04110"
"CDK4","hsa04110"
"CDK6","hsa04110"
"CDK7","hsa04110"
"CDKN1A","hsa04110"
"CDKN2D","hsa04110"
"CDT1","hsa04110"
"E2F4","hsa04110"
"EP300","hsa04110"
"ESPL1","hsa04110"
"FBXO5","hsa04110"
"FZR1","hsa04110"
"GADD45A","hsa04110"
"HDAC1","hsa04110"
"MAD2L1","hsa04110"
"NDC80","hsa04110"
"PCNA","hsa04110"
"PKMYT1","hsa04110"
"PLK1","hsa04110"
"PTTG1","hsa04110"
"RB1","hsa04110"
"SMAD2","hsa04110"
"SMAD3","hsa04110"
"SMAD4","hsa04110"
"SMC1A","hsa04110"
"TGFB1","hsa04110"
"TP53","hsa04110"
"TRIP13","hsa04110"
"TTK","hsa04110"
"WEE1","hsa04110"
"AKT1","hsa05166"
"ANAPC1","hsa05166"
"ANAPC10","hsa05166"
"ANAPC11","hsa05166"
"ANAPC13","hsa05166"
"ANAPC16","hsa05166"
"ANAPC2","hsa05166"
"ANAPC4","hsa05166"
"ANAPC5","hsa05166"
"ANAPC7","hsa05166"
"ATM","hsa05166"
"B2M","hsa05166"
"BUB1B","hsa05166"
"BUB3","hsa05166"
"CALR","hsa05166"
"CANX","hsa05166"
"CCNA1","hsa05166"
"CCNA2","hsa05166"
"CCNB2","hsa05166"
"CCND1","hsa05166"
"CCND3","hsa05166"
"CCNE1","hsa05166"
"CCNE2","hsa05166"
"CD3D","hsa05166"
"CD3E","hsa05166"
"CD3G","hsa05166"
"CD4","hsa05166"
"CDC16","hsa05166"
"CDC20","hsa05166"
"CDC23","hsa05166"
"CDC26","hsa05166"
"CDC27","hsa05166"
"CDK2","hsa05166"
"CDK4","hsa05166"
"CDKN1A","hsa05166"
"CREB1","hsa05166"
"CRTC3","hsa05166"
"CSF2","hsa05166"
"EP300","hsa05166"
"ESPL1","hsa05166"
"FOS","hsa05166"
"HLA-A","hsa05166"
"HLA-B","hsa05166"
"HLA-C","hsa05166"
"HLA-DMA","hsa05166"
"HLA-DRA","hsa05166"
"HLA-DRB1","hsa05166"
"IKBKG","hsa05166"
"IL15","hsa05166"
"IL2","hsa05166"
"IL2RA","hsa05166"
"IL2RB","hsa05166"
"IL2RG","hsa05166"
"IL6","hsa05166"
"JAK1","hsa05166"
"JAK3","hsa05166"
"JUN","hsa05166"
"KAT5","hsa05166"
"LCK","hsa05166"
"MAD2L1","hsa05166"
"PTTG1","hsa05166"
"RAN","hsa05166"
"RANBP1","hsa05166"
"RB1","hsa05166"
"SMAD2","hsa05166"
"SMAD3","hsa05166"
"SMAD4","hsa05166"
"SPI1","hsa05166"
"TERT","hsa05166"
"TGFB1","hsa05166"
"TNF","hsa05166"
"TP53","hsa05166"
"TRRAP","hsa05166"
"XPO1","hsa05166"
"AKT1","hsa04932"
"CASP8","hsa04932"
"CDC42","hsa04932"
"CEBPA","hsa04932"
"CXCL8","hsa04932"
"CYC1","hsa04932"
"EIF2S1","hsa04932"
"FOS","hsa04932"
"IL1A","hsa04932"
"IL1B","hsa04932"
"IL6","hsa04932"
"IL6R","hsa04932"
"JUN","hsa04932"
"NDUFA1","hsa04932"
"NDUFA10","hsa04932"
"NDUFA11","hsa04932"
"NDUFA12","hsa04932"
"NDUFA13","hsa04932"
"NDUFA2","hsa04932"
"NDUFA3","hsa04932"
"NDUFA5","hsa04932"
"NDUFA6","hsa04932"
"NDUFA7","hsa04932"
"NDUFA8","hsa04932"
"NDUFA9","hsa04932"
"NDUFAB1","hsa04932"
"NDUFB1","hsa04932"
"NDUFB10","hsa04932"
"NDUFB11","hsa04932"
"NDUFB2","hsa04932"
"NDUFB3","hsa04932"
"NDUFB4","hsa04932"
"NDUFB5","hsa04932"
"NDUFB6","hsa04932"
"NDUFB7","hsa04932"
"NDUFB8","hsa04932"
"NDUFB9","hsa04932"
"NDUFC1","hsa04932"
"NDUFC2","hsa04932"
"NDUFS1","hsa04932"
"NDUFS2","hsa04932"
"NDUFS3","hsa04932"
"NDUFS4","hsa04932"
"NDUFS5","hsa04932"
"NDUFS6","hsa04932"
"NDUFS7","hsa04932"
"NDUFS8","hsa04932"
"NDUFV1","hsa04932"
"NDUFV2","hsa04932"
"NDUFV3","hsa04932"
"PKLR","hsa04932"
"PPARA","hsa04932"
"PPARG","hsa04932"
"RAC1","hsa04932"
"SDHB","hsa04932"
"TGFB1","hsa04932"
"TNF","hsa04932"
"UQCRC1","hsa04932"
"UQCRC2","hsa04932"
"UQCRFS1","hsa04932"
"ATP6V1A","hsa00190"
"ATP6V1B1","hsa00190"
"ATP6V1B2","hsa00190"
"ATP6V1C2","hsa00190"
"ATP6V1D","hsa00190"
"ATP6V1E1","hsa00190"
"ATP6V1E2","hsa00190"
"ATP6V1F","hsa00190"
"ATP6V1G1","hsa00190"
"ATP6V1G2","hsa00190"
"ATP6V1H","hsa00190"
"CYC1","hsa00190"
"NDUFA1","hsa00190"
"NDUFA10","hsa00190"
"NDUFA11","hsa00190"
"NDUFA12","hsa00190"
"NDUFA13","hsa00190"
"NDUFA2","hsa00190"
"NDUFA3","hsa00190"
"NDUFA5","hsa00190"
"NDUFA6","hsa00190"
"NDUFA7","hsa00190"
"NDUFA8","hsa00190"
"NDUFA9","hsa00190"
"NDUFAB1","hsa00190"
"NDUFB1","hsa00190"
"NDUFB10","hsa00190"
"NDUFB11","hsa00190"
"NDUFB2","hsa00190"
"NDUFB3","hsa00190"
"NDUFB4","hsa00190"
"NDUFB5","hsa00190"
"NDUFB6","hsa00190"
"NDUFB7","hsa00190"
"NDUFB8","hsa00190"
"NDUFB9","hsa00190"
"NDUFC1","hsa00190"
"NDUFC2","hsa00190"
"NDUFS1","hsa00190"
"NDUFS2","hsa00190"
"NDUFS3","hsa00190"
"NDUFS4","hsa00190"
"NDUFS5","hsa00190"
"NDUFS6","hsa00190"
"NDUFS7","hsa00190"
"NDUFS8","hsa00190"
"NDUFV1","hsa00190"
"NDUFV2","hsa00190"
"NDUFV3","hsa00190"
"SDHB","hsa00190"
"UQCRC1","hsa00190"
"UQCRC2","hsa00190"
"UQCRFS1","hsa00190"
"ALYREF","hsa03040"
"AQR","hsa03040"
"BCAS2","hsa03040"
"BUD31","hsa03040"
"CDC40","hsa03040"
"CDC5L","hsa03040"
"CRNKL1","hsa03040"
"CWC15","hsa03040"
"DDX23","hsa03040"
"DDX39B","hsa03040"
"DHX15","hsa03040"
"DHX16","hsa03040"
"DHX8","hsa03040"
"EFTUD2","hsa03040"
"HNRNPA1","hsa03040"
"LSM2","hsa03040"
"LSM3","hsa03040"
"LSM4","hsa03040"
"LSM5","hsa03040"
"LSM6","hsa03040"
"LSM7","hsa03040"
"LSM8","hsa03040"
"MAGOHB","hsa03040"
"PHF5A","hsa03040"
"PLRG1","hsa03040"
"PPIL1","hsa03040"
"PRPF19","hsa03040"
"PRPF3","hsa03040"
"PRPF31","hsa03040"
"PRPF4","hsa03040"
"PRPF6","hsa03040"
"PRPF8","hsa03040"
"RBM22","hsa03040"
"SART1","hsa03040"
"SF3A1","hsa03040"
"SF3A2","hsa03040"
"SF3A3","hsa03040"
"SF3B1","hsa03040"
"SF3B2","hsa03040"
"SF3B3","hsa03040"
"SF3B4","hsa03040"
"SF3B5","hsa03040"
"SF3B6","hsa03040"
"SNRNP200","hsa03040"
"SNRNP40","hsa03040"
"SNRNP70","hsa03040"
"SNRPA","hsa03040"
"SNRPA1","hsa03040"
"SNRPB","hsa03040"
"SNRPB2","hsa03040"
"SNRPC","hsa03040"
"SNRPD1","hsa03040"
"SNRPD2","hsa03040"
"SNRPD3","hsa03040"
"SNRPE","hsa03040"
"SNRPF","hsa03040"
"SNRPG","hsa03040"
"SNW1","hsa03040"
"SRSF1","hsa03040"
"SRSF2","hsa03040"
"SRSF3","hsa03040"
"SRSF7","hsa03040"
"SYF2","hsa03040"
"TRA2B","hsa03040"
"TXNL4A","hsa03040"
"U2AF2","hsa03040"
"USP39","hsa03040"
"XAB2","hsa03040"
"ZMAT2","hsa03040"
"ABL1","hsa05208"
"AKT1","hsa05208"
"CYC1","hsa05208"
"EGFR","hsa05208"
"FOS","hsa05208"
"FOXO3","hsa05208"
"GRB2","hsa05208"
"HIF1A","hsa05208"
"IKBKG","hsa05208"
"JUN","hsa05208"
"KEAP1","hsa05208"
"NDUFA1","hsa05208"
"NDUFA10","hsa05208"
"NDUFA11","hsa05208"
"NDUFA12","hsa05208"
"NDUFA13","hsa05208"
"NDUFA2","hsa05208"
"NDUFA3","hsa05208"
"NDUFA5","hsa05208"
"NDUFA6","hsa05208"
"NDUFA7","hsa05208"
"NDUFA8","hsa05208"
"NDUFA9","hsa05208"
"NDUFAB1","hsa05208"
"NDUFB1","hsa05208"
"NDUFB10","hsa05208"
"NDUFB11","hsa05208"
"NDUFB2","hsa05208"
"NDUFB3","hsa05208"
"NDUFB4","hsa05208"
"NDUFB5","hsa05208"
"NDUFB6","hsa05208"
"NDUFB7","hsa05208"
"NDUFB8","hsa05208"
"NDUFB9","hsa05208"
"NDUFC1","hsa05208"
"NDUFC2","hsa05208"
"NDUFS1","hsa05208"
"NDUFS2","hsa05208"
"NDUFS3","hsa05208"
"NDUFS4","hsa05208"
"NDUFS5","hsa05208"
"NDUFS6","hsa05208"
"NDUFS7","hsa05208"
"NDUFS8","hsa05208"
"NDUFV1","hsa05208"
"NDUFV2","hsa05208"
"NDUFV3","hsa05208"
"PTK2","hsa05208"
"RAC1","hsa05208"
"SDHB","hsa05208"
"SRC","hsa05208"
"UQCRC1","hsa05208"
"UQCRC2","hsa05208"
"UQCRFS1","hsa05208"
"AGER","hsa05415"
"AKT1","hsa05415"
"CYC1","hsa05415"
"NDUFA1","hsa05415"
"NDUFA10","hsa05415"
"NDUFA11","hsa05415"
"NDUFA12","hsa05415"
"NDUFA13","hsa05415"
"NDUFA2","hsa05415"
"NDUFA3","hsa05415"
"NDUFA5","hsa05415"
"NDUFA6","hsa05415"
"NDUFA7","hsa05415"
"NDUFA8","hsa05415"
"NDUFA9","hsa05415"
"NDUFAB1","hsa05415"
"NDUFB1","hsa05415"
"NDUFB10","hsa05415"
"NDUFB11","hsa05415"
"NDUFB2","hsa05415"
"NDUFB3","hsa05415"
"NDUFB4","hsa05415"
"NDUFB5","hsa05415"
"NDUFB6","hsa05415"
"NDUFB7","hsa05415"
"NDUFB8","hsa05415"
"NDUFB9","hsa05415"
"NDUFC1","hsa05415"
"NDUFC2","hsa05415"
"NDUFS1","hsa05415"
"NDUFS2","hsa05415"
"NDUFS3","hsa05415"
"NDUFS4","hsa05415"
"NDUFS5","hsa05415"
"NDUFS6","hsa05415"
"NDUFS7","hsa05415"
"NDUFS8","hsa05415"
"NDUFV1","hsa05415"
"NDUFV2","hsa05415"
"NDUFV3","hsa05415"
"PPARA","hsa05415"
"PRKCZ","hsa05415"
"RAC1","hsa05415"
"SDHB","hsa05415"
"SMAD2","hsa05415"
"SMAD3","hsa05415"
"TBC1D4","hsa05415"
"TGFB1","hsa05415"
"UQCRC1","hsa05415"
"UQCRC2","hsa05415"
"UQCRFS1","hsa05415"
"ATP6V1A","hsa05323"
"ATP6V1B1","hsa05323"
"ATP6V1B2","hsa05323"
"ATP6V1C2","hsa05323"
"ATP6V1D","hsa05323"
"ATP6V1E1","hsa05323"
"ATP6V1E2","hsa05323"
"ATP6V1F","hsa05323"
"ATP6V1G1","hsa05323"
"ATP6V1G2","hsa05323"
"ATP6V1H","hsa05323"
"CCL2","hsa05323"
"CCL3","hsa05323"
"CCL5","hsa05323"
"CSF2","hsa05323"
"CTSL","hsa05323"
"CXCL1","hsa05323"
"CXCL2","hsa05323"
"CXCL8","hsa05323"
"FOS","hsa05323"
"HLA-DMA","hsa05323"
"HLA-DRA","hsa05323"
"HLA-DRB1","hsa05323"
"IL15","hsa05323"
"IL17A","hsa05323"
"IL18","hsa05323"
"IL1A","hsa05323"
"IL1B","hsa05323"
"IL6","hsa05323"
"JUN","hsa05323"
"TGFB1","hsa05323"
"TNF","hsa05323"
"CD247","hsa04659"
"CD3D","hsa04659"
"CD3E","hsa04659"
"CD3G","hsa04659"
"CD4","hsa04659"
"FOS","hsa04659"
"HIF1A","hsa04659"
"HLA-DMA","hsa04659"
"HLA-DRA","hsa04659"
"HLA-DRB1","hsa04659"
"HSP90AA1","hsa04659"
"IKBKG","hsa04659"
"IL17A","hsa04659"
"IL1B","hsa04659"
"IL2","hsa04659"
"IL2RA","hsa04659"
"IL2RB","hsa04659"
"IL2RG","hsa04659"
"IL4","hsa04659"
"IL4R","hsa04659"
"IL6","hsa04659"
"IL6R","hsa04659"
"IL6ST","hsa04659"
"JAK1","hsa04659"
"JAK2","hsa04659"
"JAK3","hsa04659"
"JUN","hsa04659"
"LCK","hsa04659"
"SMAD2","hsa04659"
"SMAD3","hsa04659"
"SMAD4","hsa04659"
"STAT3","hsa04659"
"TGFB1","hsa04659"
"ZAP70","hsa04659"
"AKT1","hsa04914"
"ANAPC1","hsa04914"
"ANAPC10","hsa04914"
"ANAPC11","hsa04914"
"ANAPC13","hsa04914"
"ANAPC16","hsa04914"
"ANAPC2","hsa04914"
"ANAPC4","hsa04914"
"ANAPC5","hsa04914"
"ANAPC7","hsa04914"
"AURKA","hsa04914"
"BUB1","hsa04914"
"CCNA1","hsa04914"
"CCNA2","hsa04914"
"CCNB1","hsa04914"
"CCNB2","hsa04914"
"CCNB3","hsa04914"
"CDC16","hsa04914"
"CDC23","hsa04914"
"CDC25A","hsa04914"
"CDC25B","hsa04914"
"CDC25C","hsa04914"
"CDC26","hsa04914"
"CDC27","hsa04914"
"CDK1","hsa04914"
"CDK2","hsa04914"
"FZR1","hsa04914"
"GNAI1","hsa04914"
"HSP90AA1","hsa04914"
"IGF1","hsa04914"
"MAD2L1","hsa04914"
"PKMYT1","hsa04914"
"PLK1","hsa04914"
"RPS6KA1","hsa04914"
"CREB1","hsa04714"
"CYC1","hsa04714"
"GRB2","hsa04714"
"KDM1A","hsa04714"
"NDUFA1","hsa04714"
"NDUFA10","hsa04714"
"NDUFA11","hsa04714"
"NDUFA12","hsa04714"
"NDUFA13","hsa04714"
"NDUFA2","hsa04714"
"NDUFA3","hsa04714"
"NDUFA5","hsa04714"
"NDUFA6","hsa04714"
"NDUFA7","hsa04714"
"NDUFA8","hsa04714"
"NDUFA9","hsa04714"
"NDUFAB1","hsa04714"
"NDUFAF3","hsa04714"
"NDUFB1","hsa04714"
"NDUFB10","hsa04714"
"NDUFB11","hsa04714"
"NDUFB2","hsa04714"
"NDUFB3","hsa04714"
"NDUFB4","hsa04714"
"NDUFB5","hsa04714"
"NDUFB6","hsa04714"
"NDUFB7","hsa04714"
"NDUFB8","hsa04714"
"NDUFB9","hsa04714"
"NDUFC1","hsa04714"
"NDUFC2","hsa04714"
"NDUFS1","hsa04714"
"NDUFS2","hsa04714"
"NDUFS3","hsa04714"
"NDUFS4","hsa04714"
"NDUFS5","hsa04714"
"NDUFS6","hsa04714"
"NDUFS7","hsa04714"
"NDUFS8","hsa04714"
"NDUFV1","hsa04714"
"NDUFV2","hsa04714"
"NDUFV3","hsa04714"
"PPARG","hsa04714"
"PPARGC1A","hsa04714"
"PRDM16","hsa04714"
"RPS6","hsa04714"
"RPS6KA1","hsa04714"
"SDHB","hsa04714"
"SMARCA4","hsa04714"
"UQCRC1","hsa04714"
"UQCRC2","hsa04714"
"UQCRFS1","hsa04714"
"CYC1","hsa05012"
"DAXX","hsa05012"
"EIF2S1","hsa05012"
"GNAI1","hsa05012"
"HSPA5","hsa05012"
"KEAP1","hsa05012"
"MAPT","hsa05012"
"MCU","hsa05012"
"NDUFA1","hsa05012"
"NDUFA10","hsa05012"
"NDUFA11","hsa05012"
"NDUFA12","hsa05012"
"NDUFA13","hsa05012"
"NDUFA2","hsa05012"
"NDUFA3","hsa05012"
"NDUFA5","hsa05012"
"NDUFA6","hsa05012"
"NDUFA7","hsa05012"
"NDUFA8","hsa05012"
"NDUFA9","hsa05012"
"NDUFAB1","hsa05012"
"NDUFB1","hsa05012"
"NDUFB10","hsa05012"
"NDUFB11","hsa05012"
"NDUFB2","hsa05012"
"NDUFB3","hsa05012"
"NDUFB4","hsa05012"
"NDUFB5","hsa05012"
"NDUFB6","hsa05012"
"NDUFB7","hsa05012"
"NDUFB8","hsa05012"
"NDUFB9","hsa05012"
"NDUFC1","hsa05012"
"NDUFC2","hsa05012"
"NDUFS1","hsa05012"
"NDUFS2","hsa05012"
"NDUFS3","hsa05012"
"NDUFS4","hsa05012"
"NDUFS5","hsa05012"
"NDUFS6","hsa05012"
"NDUFS7","hsa05012"
"NDUFS8","hsa05012"
"NDUFV1","hsa05012"
"NDUFV2","hsa05012"
"NDUFV3","hsa05012"
"RPS27A","hsa05012"
"SDHB","hsa05012"
"TP53","hsa05012"
"UBA1","hsa05012"
"UBA52","hsa05012"
"UBA7","hsa05012"
"UBC","hsa05012"
"UBE2L6","hsa05012"
"UQCRC1","hsa05012"
"UQCRC2","hsa05012"
"UQCRFS1","hsa05012"
"GNAI1","hsa04723"
"NDUFA1","hsa04723"
"NDUFA10","hsa04723"
"NDUFA11","hsa04723"
"NDUFA12","hsa04723"
"NDUFA13","hsa04723"
"NDUFA2","hsa04723"
"NDUFA3","hsa04723"
"NDUFA5","hsa04723"
"NDUFA6","hsa04723"
"NDUFA7","hsa04723"
"NDUFA8","hsa04723"
"NDUFA9","hsa04723"
"NDUFAB1","hsa04723"
"NDUFB1","hsa04723"
"NDUFB10","hsa04723"
"NDUFB11","hsa04723"
"NDUFB2","hsa04723"
"NDUFB3","hsa04723"
"NDUFB4","hsa04723"
"NDUFB5","hsa04723"
"NDUFB6","hsa04723"
"NDUFB7","hsa04723"
"NDUFB8","hsa04723"
"NDUFB9","hsa04723"
"NDUFC1","hsa04723"
"NDUFC2","hsa04723"
"NDUFS1","hsa04723"
"NDUFS2","hsa04723"
"NDUFS3","hsa04723"
"NDUFS4","hsa04723"
"NDUFS5","hsa04723"
"NDUFS6","hsa04723"
"NDUFS7","hsa04723"
"NDUFS8","hsa04723"
"NDUFV1","hsa04723"
"NDUFV2","hsa04723"
"NDUFV3","hsa04723"
"AKT1","hsa04218"
"ATM","hsa04218"
"CCNA1","hsa04218"
"CCNA2","hsa04218"
"CCNB1","hsa04218"
"CCNB2","hsa04218"
"CCNB3","hsa04218"
"CCND1","hsa04218"
"CCND3","hsa04218"
"CCNE1","hsa04218"
"CCNE2","hsa04218"
"CDC25A","hsa04218"
"CDK1","hsa04218"
"CDK2","hsa04218"
"CDK4","hsa04218"
"CDK6","hsa04218"
"CDKN1A","hsa04218"
"CXCL8","hsa04218"
"E2F4","hsa04218"
"FOXM1","hsa04218"
"FOXO1","hsa04218"
"FOXO3","hsa04218"
"GADD45A","hsa04218"
"HLA-A","hsa04218"
"HLA-B","hsa04218"
"HLA-C","hsa04218"
"IL1A","hsa04218"
"IL6","hsa04218"
"MCU","hsa04218"
"NBN","hsa04218"
"RAD50","hsa04218"
"RB1","hsa04218"
"RBBP4","hsa04218"
"SIRT1","hsa04218"
"SMAD2","hsa04218"
"SMAD3","hsa04218"
"SQSTM1","hsa04218"
"TGFB1","hsa04218"
"TP53","hsa04218"
"C1QA","hsa05020"
"CAV3","hsa05020"
"CCL5","hsa05020"
"CREB1","hsa05020"
"CYC1","hsa05020"
"EIF2S1","hsa05020"
"FYN","hsa05020"
"HSPA5","hsa05020"
"IL1A","hsa05020"
"IL1B","hsa05020"
"IL6","hsa05020"
"MCU","hsa05020"
"NDUFA1","hsa05020"
"NDUFA10","hsa05020"
"NDUFA11","hsa05020"
"NDUFA12","hsa05020"
"NDUFA13","hsa05020"
"NDUFA2","hsa05020"
"NDUFA3","hsa05020"
"NDUFA5","hsa05020"
"NDUFA6","hsa05020"
"NDUFA7","hsa05020"
"NDUFA8","hsa05020"
"NDUFA9","hsa05020"
"NDUFAB1","hsa05020"
"NDUFB1","hsa05020"
"NDUFB10","hsa05020"
"NDUFB11","hsa05020"
"NDUFB2","hsa05020"
"NDUFB3","hsa05020"
"NDUFB4","hsa05020"
"NDUFB5","hsa05020"
"NDUFB6","hsa05020"
"NDUFB7","hsa05020"
"NDUFB8","hsa05020"
"NDUFB9","hsa05020"
"NDUFC1","hsa05020"
"NDUFC2","hsa05020"
"NDUFS1","hsa05020"
"NDUFS2","hsa05020"
"NDUFS3","hsa05020"
"NDUFS4","hsa05020"
"NDUFS5","hsa05020"
"NDUFS6","hsa05020"
"NDUFS7","hsa05020"
"NDUFS8","hsa05020"
"NDUFV1","hsa05020"
"NDUFV2","hsa05020"
"NDUFV3","hsa05020"
"RAC1","hsa05020"
"SDHB","hsa05020"
"TNF","hsa05020"
"UQCRC1","hsa05020"
"UQCRC2","hsa05020"
"UQCRFS1","hsa05020"
"C3","hsa05203"
"CASP8","hsa05203"
"CCNA1","hsa05203"
"CCNA2","hsa05203"
"CCND1","hsa05203"
"CCND3","hsa05203"
"CCNE1","hsa05203"
"CCNE2","hsa05203"
"CCR5","hsa05203"
"CDC20","hsa05203"
"CDC42","hsa05203"
"CDK1","hsa05203"
"CDK2","hsa05203"
"CDK4","hsa05203"
"CDK6","hsa05203"
"CDKN1A","hsa05203"
"CREB1","hsa05203"
"EP300","hsa05203"
"GRB2","hsa05203"
"GTF2B","hsa05203"
"GTF2E1","hsa05203"
"GTF2E2","hsa05203"
"GTF2H1","hsa05203"
"GTF2H2","hsa05203"
"GTF2H2C","hsa05203"
"GTF2H3","hsa05203"
"GTF2H4","hsa05203"
"HDAC1","hsa05203"
"HLA-A","hsa05203"
"HLA-B","hsa05203"
"HLA-C","hsa05203"
"IKBKG","hsa05203"
"IL6ST","hsa05203"
"JAK1","hsa05203"
"JAK3","hsa05203"
"JUN","hsa05203"
"MRPS18B","hsa05203"
"RAC1","hsa05203"
"RANBP1","hsa05203"
"RB1","hsa05203"
"RHOA","hsa05203"
"SNW1","hsa05203"
"SRC","hsa05203"
"STAT3","hsa05203"
"TP53","hsa05203"
"ATP6V1A","hsa05120"
"ATP6V1B1","hsa05120"
"ATP6V1B2","hsa05120"
"ATP6V1C2","hsa05120"
"ATP6V1D","hsa05120"
"ATP6V1E1","hsa05120"
"ATP6V1E2","hsa05120"
"ATP6V1F","hsa05120"
"ATP6V1G1","hsa05120"
"ATP6V1G2","hsa05120"
"ATP6V1H","hsa05120"
"CCL5","hsa05120"
"CDC42","hsa05120"
"CSK","hsa05120"
"CXCL1","hsa05120"
"CXCL2","hsa05120"
"CXCL8","hsa05120"
"CXCR2","hsa05120"
"EGFR","hsa05120"
"IKBKG","hsa05120"
"JUN","hsa05120"
"RAC1","hsa05120"
"SRC","hsa05120"
"TJP1","hsa05120"
"AKT1","hsa05169"
"B2M","hsa05169"
"CALR","hsa05169"
"CASP8","hsa05169"
"CCNA1","hsa05169"
"CCNA2","hsa05169"
"CCND1","hsa05169"
"CCND3","hsa05169"
"CCNE1","hsa05169"
"CCNE2","hsa05169"
"CD247","hsa05169"
"CD3D","hsa05169"
"CD3E","hsa05169"
"CD3G","hsa05169"
"CD44","hsa05169"
"CDK2","hsa05169"
"CDK4","hsa05169"
"CDK6","hsa05169"
"CDKN1A","hsa05169"
"CXCL10","hsa05169"
"GADD45A","hsa05169"
"HDAC1","hsa05169"
"HLA-A","hsa05169"
"HLA-B","hsa05169"
"HLA-C","hsa05169"
"HLA-DMA","hsa05169"
"HLA-DRA","hsa05169"
"HLA-DRB1","hsa05169"
"IKBKG","hsa05169"
"IL6","hsa05169"
"JAK1","hsa05169"
"JAK3","hsa05169"
"JUN","hsa05169"
"PDIA3","hsa05169"
"RAC1","hsa05169"
"RB1","hsa05169"
"RIPK1","hsa05169"
"SNW1","hsa05169"
"STAT3","hsa05169"
"TAPBP","hsa05169"
"TNF","hsa05169"
"TP53","hsa05169"
"TRAF6","hsa05169"
"ALYREF","hsa05014"
"CHMP2B","hsa05014"
"CYC1","hsa05014"
"DAXX","hsa05014"
"EIF2S1","hsa05014"
"HNRNPA1","hsa05014"
"HNRNPA2B1","hsa05014"
"HSPA5","hsa05014"
"MAP1LC3A","hsa05014"
"MAP1LC3B","hsa05014"
"MCU","hsa05014"
"NDUFA1","hsa05014"
"NDUFA10","hsa05014"
"NDUFA11","hsa05014"
"NDUFA12","hsa05014"
"NDUFA13","hsa05014"
"NDUFA2","hsa05014"
"NDUFA3","hsa05014"
"NDUFA5","hsa05014"
"NDUFA6","hsa05014"
"NDUFA7","hsa05014"
"NDUFA8","hsa05014"
"NDUFA9","hsa05014"
"NDUFAB1","hsa05014"
"NDUFB1","hsa05014"
"NDUFB10","hsa05014"
"NDUFB11","hsa05014"
"NDUFB2","hsa05014"
"NDUFB3","hsa05014"
"NDUFB4","hsa05014"
"NDUFB5","hsa05014"
"NDUFB6","hsa05014"
"NDUFB7","hsa05014"
"NDUFB8","hsa05014"
"NDUFB9","hsa05014"
"NDUFC1","hsa05014"
"NDUFC2","hsa05014"
"NDUFS1","hsa05014"
"NDUFS2","hsa05014"
"NDUFS3","hsa05014"
"NDUFS4","hsa05014"
"NDUFS5","hsa05014"
"NDUFS6","hsa05014"
"NDUFS7","hsa05014"
"NDUFS8","hsa05014"
"NDUFV1","hsa05014"
"NDUFV2","hsa05014"
"NDUFV3","hsa05014"
"NUP85","hsa05014"
"RAB5A","hsa05014"
"RAC1","hsa05014"
"RANBP2","hsa05014"
"SDHB","hsa05014"
"SQSTM1","hsa05014"
"SRSF3","hsa05014"
"SRSF7","hsa05014"
"TNF","hsa05014"
"TOMM40","hsa05014"
"TP53","hsa05014"
"UQCRC1","hsa05014"
"UQCRC2","hsa05014"
"UQCRFS1","hsa05014"
"ANAPC1","hsa04114"
"ANAPC10","hsa04114"
"ANAPC11","hsa04114"
"ANAPC13","hsa04114"
"ANAPC16","hsa04114"
"ANAPC2","hsa04114"
"ANAPC4","hsa04114"
"ANAPC5","hsa04114"
"ANAPC7","hsa04114"
"AURKA","hsa04114"
"BUB1","hsa04114"
"CCNB1","hsa04114"
"CCNB2","hsa04114"
"CCNE1","hsa04114"
"CCNE2","hsa04114"
"CDC16","hsa04114"
"CDC20","hsa04114"
"CDC23","hsa04114"
"CDC25C","hsa04114"
"CDC26","hsa04114"
"CDC27","hsa04114"
"CDK1","hsa04114"
"CDK2","hsa04114"
"ESPL1","hsa04114"
"FBXO5","hsa04114"
"IGF1","hsa04114"
"MAD2L1","hsa04114"
"PKMYT1","hsa04114"
"PLK1","hsa04114"
"PTTG1","hsa04114"
"RPS6KA1","hsa04114"
"SMC1A","hsa04114"
"CASP8","hsa05016"
"CREB1","hsa05016"
"CYC1","hsa05016"
"EP300","hsa05016"
"HDAC1","hsa05016"
"NDUFA1","hsa05016"
"NDUFA10","hsa05016"
"NDUFA11","hsa05016"
"NDUFA12","hsa05016"
"NDUFA13","hsa05016"
"NDUFA2","hsa05016"
"NDUFA3","hsa05016"
"NDUFA5","hsa05016"
"NDUFA6","hsa05016"
"NDUFA7","hsa05016"
"NDUFA8","hsa05016"
"NDUFA9","hsa05016"
"NDUFAB1","hsa05016"
"NDUFB1","hsa05016"
"NDUFB10","hsa05016"
"NDUFB11","hsa05016"
"NDUFB2","hsa05016"
"NDUFB3","hsa05016"
"NDUFB4","hsa05016"
"NDUFB5","hsa05016"
"NDUFB6","hsa05016"
"NDUFB7","hsa05016"
"NDUFB8","hsa05016"
"NDUFB9","hsa05016"
"NDUFC1","hsa05016"
"NDUFC2","hsa05016"
"NDUFS1","hsa05016"
"NDUFS2","hsa05016"
"NDUFS3","hsa05016"
"NDUFS4","hsa05016"
"NDUFS5","hsa05016"
"NDUFS6","hsa05016"
"NDUFS7","hsa05016"
"NDUFS8","hsa05016"
"NDUFV1","hsa05016"
"NDUFV2","hsa05016"
"NDUFV3","hsa05016"
"NRF1","hsa05016"
"POLR2A","hsa05016"
"POLR2E","hsa05016"
"POLR2F","hsa05016"
"PPARG","hsa05016"
"PPARGC1A","hsa05016"
"SDHB","hsa05016"
"TFAM","hsa05016"
"TP53","hsa05016"
"UQCRC1","hsa05016"
"UQCRC2","hsa05016"
"UQCRFS1","hsa05016"
"ANAPC1","hsa04120"
"ANAPC10","hsa04120"
"ANAPC11","hsa04120"
"ANAPC13","hsa04120"
"ANAPC16","hsa04120"
"ANAPC2","hsa04120"
"ANAPC4","hsa04120"
"ANAPC5","hsa04120"
"ANAPC7","hsa04120"
"BRCA1","hsa04120"
"CDC16","hsa04120"
"CDC20","hsa04120"
"CDC23","hsa04120"
"CDC26","hsa04120"
"CDC27","hsa04120"
"FZR1","hsa04120"
"KEAP1","hsa04120"
"PRPF19","hsa04120"
"RPS27A","hsa04120"
"SAE1","hsa04120"
"STUB1","hsa04120"
"TRAF6","hsa04120"
"UBA1","hsa04120"
"UBA2","hsa04120"
"UBA52","hsa04120"
"UBA7","hsa04120"
"UBC","hsa04120"
"UBE2C","hsa04120"
"UBE2I","hsa04120"
"UBE2L6","hsa04120"
"UBE2N","hsa04120"
"UBE2S","hsa04120"
"CCL2","hsa04061"
"CCL3","hsa04061"
"CCL4","hsa04061"
"CCL5","hsa04061"
"CCL7","hsa04061"
"CCL8","hsa04061"
"CCR1","hsa04061"
"CCR2","hsa04061"
"CCR5","hsa04061"
"CXCL1","hsa04061"
"CXCL10","hsa04061"
"CXCL2","hsa04061"
"CXCL8","hsa04061"
"CXCR2","hsa04061"
"CXCR4","hsa04061"
"IL10","hsa04061"
"IL18","hsa04061"
"IL2","hsa04061"
"IL2RA","hsa04061"
"IL2RB","hsa04061"
"IL2RG","hsa04061"
"IL6","hsa04061"
"IL6R","hsa04061"
"IL6ST","hsa04061"
"TNF","hsa04061"
"AKT1","hsa05142"
"C1QA","hsa05142"
"C3","hsa05142"
"CALR","hsa05142"
"CASP8","hsa05142"
"CCL2","hsa05142"
"CCL3","hsa05142"
"CCL5","hsa05142"
"CD247","hsa05142"
"CD3D","hsa05142"
"CD3E","hsa05142"
"CD3G","hsa05142"
"CXCL8","hsa05142"
"FOS","hsa05142"
"GNAI1","hsa05142"
"IKBKG","hsa05142"
"IL10","hsa05142"
"IL1B","hsa05142"
"IL2","hsa05142"
"IL6","hsa05142"
"JUN","hsa05142"
"SMAD2","hsa05142"
"TGFB1","hsa05142"
"TNF","hsa05142"
"TRAF6","hsa05142"
"HLA-DMA","hsa05321"
"HLA-DRA","hsa05321"
"HLA-DRB1","hsa05321"
"IL10","hsa05321"
"IL17A","hsa05321"
"IL18","hsa05321"
"IL1A","hsa05321"
"IL1B","hsa05321"
"IL2","hsa05321"
"IL2RG","hsa05321"
"IL4","hsa05321"
"IL4R","hsa05321"
"IL6","hsa05321"
"JUN","hsa05321"
"SMAD2","hsa05321"
"SMAD3","hsa05321"
"STAT3","hsa05321"
"TGFB1","hsa05321"
"TNF","hsa05321"
"CCZ1","hsa04137"
"CCZ1B","hsa04137"
"EIF2S1","hsa04137"
"FIS1","hsa04137"
"FOXO3","hsa04137"
"GABARAP","hsa04137"
"GABARAPL1","hsa04137"
"GABARAPL2","hsa04137"
"HIF1A","hsa04137"
"JUN","hsa04137"
"MAP1LC3A","hsa04137"
"MAP1LC3B","hsa04137"
"MON1A","hsa04137"
"RAB5A","hsa04137"
"RAB5C","hsa04137"
"RAB7A","hsa04137"
"RAB7B","hsa04137"
"RPS27A","hsa04137"
"SQSTM1","hsa04137"
"SRC","hsa04137"
"TOMM40","hsa04137"
"TOMM7","hsa04137"
"TP53","hsa04137"
"UBA52","hsa04137"
"UBC","hsa04137"
"AKT1","hsa05163"
"B2M","hsa05163"
"CALR","hsa05163"
"CASP8","hsa05163"
"CCL2","hsa05163"
"CCL3","hsa05163"
"CCL4","hsa05163"
"CCL5","hsa05163"
"CCND1","hsa05163"
"CCR1","hsa05163"
"CCR5","hsa05163"
"CDK4","hsa05163"
"CDK6","hsa05163"
"CDKN1A","hsa05163"
"CREB1","hsa05163"
"CXCL8","hsa05163"
"CXCR2","hsa05163"
"CXCR4","hsa05163"
"EGFR","hsa05163"
"GNAI1","hsa05163"
"GRB2","hsa05163"
"HLA-A","hsa05163"
"HLA-B","hsa05163"
"HLA-C","hsa05163"
"IKBKG","hsa05163"
"IL1B","hsa05163"
"IL6","hsa05163"
"IL6R","hsa05163"
"ITGAV","hsa05163"
"JAK1","hsa05163"
"PDIA3","hsa05163"
"PTK2","hsa05163"
"RAC1","hsa05163"
"RB1","hsa05163"
"RHOA","hsa05163"
"RIPK1","hsa05163"
"SRC","hsa05163"
"STAT3","hsa05163"
"TAPBP","hsa05163"
"TNF","hsa05163"
"TP53","hsa05163"
"CCNH","hsa03022"
"CDK7","hsa03022"
"ERCC2","hsa03022"
"ERCC3","hsa03022"
"GTF2B","hsa03022"
"GTF2E1","hsa03022"
"GTF2E2","hsa03022"
"GTF2F1","hsa03022"
"GTF2H1","hsa03022"
"GTF2H2","hsa03022"
"GTF2H2C","hsa03022"
"GTF2H3","hsa03022"
"GTF2H4","hsa03022"
"GTF2H5","hsa03022"
"MNAT1","hsa03022"
"CD3D","hsa04640"
"CD3E","hsa04640"
"CD3G","hsa04640"
"CD4","hsa04640"
"CD44","hsa04640"
"CD8A","hsa04640"
"CSF2","hsa04640"
"CSF3","hsa04640"
"EPO","hsa04640"
"EPOR","hsa04640"
"HLA-DMA","hsa04640"
"HLA-DRA","hsa04640"
"HLA-DRB1","hsa04640"
"IL1A","hsa04640"
"IL1B","hsa04640"
"IL2RA","hsa04640"
"IL4","hsa04640"
"IL4R","hsa04640"
"IL6","hsa04640"
"IL6R","hsa04640"
"IL7","hsa04640"
"IL7R","hsa04640"
"KITLG","hsa04640"
"TNF","hsa04640"
"AKT1","hsa05162"
"CASP8","hsa05162"
"CCND1","hsa05162"
"CCND3","hsa05162"
"CCNE1","hsa05162"
"CCNE2","hsa05162"
"CD3D","hsa05162"
"CD3E","hsa05162"
"CD3G","hsa05162"
"CDK2","hsa05162"
"CDK4","hsa05162"
"CDK6","hsa05162"
"EIF2S1","hsa05162"
"FCGR2B","hsa05162"
"FOS","hsa05162"
"IKBKG","hsa05162"
"IL1A","hsa05162"
"IL1B","hsa05162"
"IL2","hsa05162"
"IL2RA","hsa05162"
"IL2RB","hsa05162"
"IL2RG","hsa05162"
"IL6","hsa05162"
"JAK1","hsa05162"
"JAK3","hsa05162"
"JUN","hsa05162"
"STAT3","hsa05162"
"TP53","hsa05162"
"TRAF6","hsa05162"
"AKT1","hsa04068"
"ATM","hsa04068"
"CCNB1","hsa04068"
"CCNB2","hsa04068"
"CCNB3","hsa04068"
"CCND1","hsa04068"
"CDK2","hsa04068"
"CDKN1A","hsa04068"
"CDKN2D","hsa04068"
"EGFR","hsa04068"
"EP300","hsa04068"
"FOXO1","hsa04068"
"FOXO3","hsa04068"
"GABARAP","hsa04068"
"GABARAPL1","hsa04068"
"GABARAPL2","hsa04068"
"GADD45A","hsa04068"
"GRB2","hsa04068"
"IGF1","hsa04068"
"IL10","hsa04068"
"IL6","hsa04068"
"IL7R","hsa04068"
"PLK1","hsa04068"
"SIRT1","hsa04068"
"SMAD3","hsa04068"
"SMAD4","hsa04068"
"STAT3","hsa04068"
"TGFB1","hsa04068"
"AKT1","hsa05167"
"C3","hsa05167"
"CASP8","hsa05167"
"CCND1","hsa05167"
"CCR1","hsa05167"
"CCR5","hsa05167"
"CDK4","hsa05167"
"CDK6","hsa05167"
"CDKN1A","hsa05167"
"CREB1","hsa05167"
"CSF2","hsa05167"
"CXCL1","hsa05167"
"CXCL2","hsa05167"
"CXCL8","hsa05167"
"EP300","hsa05167"
"FOS","hsa05167"
"HIF1A","hsa05167"
"HLA-A","hsa05167"
"HLA-B","hsa05167"
"HLA-C","hsa05167"
"IKBKG","hsa05167"
"IL6","hsa05167"
"IL6ST","hsa05167"
"JAK1","hsa05167"
"JAK2","hsa05167"
"JUN","hsa05167"
"MAP1LC3A","hsa05167"
"MAP1LC3B","hsa05167"
"RAC1","hsa05167"
"RB1","hsa05167"
"RPS27A","hsa05167"
"SRC","hsa05167"
"STAT3","hsa05167"
"TP53","hsa05167"
"UBA52","hsa05167"
"UBC","hsa05167"
"ATP6V1A","hsa04145"
"ATP6V1B1","hsa04145"
"ATP6V1B2","hsa04145"
"ATP6V1C2","hsa04145"
"ATP6V1D","hsa04145"
"ATP6V1E1","hsa04145"
"ATP6V1E2","hsa04145"
"ATP6V1F","hsa04145"
"ATP6V1G1","hsa04145"
"ATP6V1G2","hsa04145"
"ATP6V1H","hsa04145"
"C1R","hsa04145"
"C3","hsa04145"
"CALR","hsa04145"
"CANX","hsa04145"
"CTSL","hsa04145"
"EEA1","hsa04145"
"FCGR2B","hsa04145"
"HLA-A","hsa04145"
"HLA-B","hsa04145"
"HLA-C","hsa04145"
"HLA-DMA","hsa04145"
"HLA-DRA","hsa04145"
"HLA-DRB1","hsa04145"
"ITGAV","hsa04145"
"ITGB1","hsa04145"
"RAB5A","hsa04145"
"RAB5C","hsa04145"
"RAB7A","hsa04145"
"RAB7B","hsa04145"
"RAC1","hsa04145"
"CD247","hsa04658"
"CD3D","hsa04658"
"CD3E","hsa04658"
"CD3G","hsa04658"
"CD4","hsa04658"
"FOS","hsa04658"
"HLA-DMA","hsa04658"
"HLA-DRA","hsa04658"
"HLA-DRB1","hsa04658"
"IKBKG","hsa04658"
"IL2","hsa04658"
"IL2RA","hsa04658"
"IL2RB","hsa04658"
"IL2RG","hsa04658"
"IL4","hsa04658"
"IL4R","hsa04658"
"JAK1","hsa04658"
"JAK2","hsa04658"
"JAK3","hsa04658"
"JUN","hsa04658"
"LCK","hsa04658"
"ZAP70","hsa04658"
"AGER","hsa05022"
"APC2","hsa05022"
"APP","hsa05022"
"CASP8","hsa05022"
"CHMP2B","hsa05022"
"CYC1","hsa05022"
"DAXX","hsa05022"
"EIF2S1","hsa05022"
"HSPA5","hsa05022"
"IL1A","hsa05022"
"IL1B","hsa05022"
"IL6","hsa05022"
"MAP1LC3A","hsa05022"
"MAP1LC3B","hsa05022"
"MAPT","hsa05022"
"MCU","hsa05022"
"NDUFA1","hsa05022"
"NDUFA10","hsa05022"
"NDUFA11","hsa05022"
"NDUFA12","hsa05022"
"NDUFA13","hsa05022"
"NDUFA2","hsa05022"
"NDUFA3","hsa05022"
"NDUFA5","hsa05022"
"NDUFA6","hsa05022"
"NDUFA7","hsa05022"
"NDUFA8","hsa05022"
"NDUFA9","hsa05022"
"NDUFAB1","hsa05022"
"NDUFB1","hsa05022"
"NDUFB10","hsa05022"
"NDUFB11","hsa05022"
"NDUFB2","hsa05022"
"NDUFB3","hsa05022"
"NDUFB4","hsa05022"
"NDUFB5","hsa05022"
"NDUFB6","hsa05022"
"NDUFB7","hsa05022"
"NDUFB8","hsa05022"
"NDUFB9","hsa05022"
"NDUFC1","hsa05022"
"NDUFC2","hsa05022"
"NDUFS1","hsa05022"
"NDUFS2","hsa05022"
"NDUFS3","hsa05022"
"NDUFS4","hsa05022"
"NDUFS5","hsa05022"
"NDUFS6","hsa05022"
"NDUFS7","hsa05022"
"NDUFS8","hsa05022"
"NDUFV1","hsa05022"
"NDUFV2","hsa05022"
"NDUFV3","hsa05022"
"RAB5A","hsa05022"
"RAC1","hsa05022"
"RPS27A","hsa05022"
"SDHB","hsa05022"
"SQSTM1","hsa05022"
"TNF","hsa05022"
"TOMM40","hsa05022"
"UBA1","hsa05022"
"UBA52","hsa05022"
"UBA7","hsa05022"
"UBC","hsa05022"
"UBE2L6","hsa05022"
"UQCRC1","hsa05022"
"UQCRC2","hsa05022"
"UQCRFS1","hsa05022"
"B2M","hsa04612"
"CALR","hsa04612"
"CANX","hsa04612"
"CD4","hsa04612"
"CD74","hsa04612"
"CD8A","hsa04612"
"CREB1","hsa04612"
"CTSL","hsa04612"
"HLA-A","hsa04612"
"HLA-B","hsa04612"
"HLA-C","hsa04612"
"HLA-DMA","hsa04612"
"HLA-DRA","hsa04612"
"HLA-DRB1","hsa04612"
"HSP90AA1","hsa04612"
"HSPA5","hsa04612"
"KIR3DL1","hsa04612"
"PDIA3","hsa04612"
"TAPBP","hsa04612"
"TNF","hsa04612"
"AKT1","hsa05161"
"BIRC5","hsa05161"
"CASP8","hsa05161"
"CCNA1","hsa05161"
"CCNA2","hsa05161"
"CCNE1","hsa05161"
"CCNE2","hsa05161"
"CDK2","hsa05161"
"CDKN1A","hsa05161"
"CREB1","hsa05161"
"CXCL8","hsa05161"
"EP300","hsa05161"
"FOS","hsa05161"
"GRB2","hsa05161"
"HSPG2","hsa05161"
"IKBKG","hsa05161"
"IL6","hsa05161"
"JAK1","hsa05161"
"JAK2","hsa05161"
"JAK3","hsa05161"
"JUN","hsa05161"
"PCNA","hsa05161"
"RB1","hsa05161"
"SMAD3","hsa05161"
"SMAD4","hsa05161"
"SRC","hsa05161"
"STAT3","hsa05161"
"TGFB1","hsa05161"
"TNF","hsa05161"
"TP53","hsa05161"
"TRAF6","hsa05161"
"AKT1","hsa05165"
"APC2","hsa05165"
"ATM","hsa05165"
"ATP6V1A","hsa05165"
"ATP6V1B1","hsa05165"
"ATP6V1B2","hsa05165"
"ATP6V1C2","hsa05165"
"ATP6V1D","hsa05165"
"ATP6V1E1","hsa05165"
"ATP6V1E2","hsa05165"
"ATP6V1F","hsa05165"
"ATP6V1G1","hsa05165"
"ATP6V1G2","hsa05165"
"ATP6V1H","hsa05165"
"BCAP31","hsa05165"
"CASP8","hsa05165"
"CCNA1","hsa05165"
"CCNA2","hsa05165"
"CCND1","hsa05165"
"CCND3","hsa05165"
"CCNE1","hsa05165"
"CCNE2","hsa05165"
"CDC42","hsa05165"
"CDK2","hsa05165"
"CDK4","hsa05165"
"CDK6","hsa05165"
"CDKN1A","hsa05165"
"CREB1","hsa05165"
"EGFR","hsa05165"
"EP300","hsa05165"
"FOXO1","hsa05165"
"GRB2","hsa05165"
"HDAC1","hsa05165"
"HLA-A","hsa05165"
"HLA-B","hsa05165"
"HLA-C","hsa05165"
"IKBKG","hsa05165"
"ITGAV","hsa05165"
"ITGB1","hsa05165"
"ITGB8","hsa05165"
"JAK1","hsa05165"
"LAMA1","hsa05165"
"LAMA2","hsa05165"
"LAMA5","hsa05165"
"PRKCI","hsa05165"
"PRKCZ","hsa05165"
"PTK2","hsa05165"
"RB1","hsa05165"
"TERT","hsa05165"
"TNF","hsa05165"
"TP53","hsa05165"
"ABL1","hsa05416"
"CASP8","hsa05416"
"CAV3","hsa05416"
"CCND1","hsa05416"
"DAG1","hsa05416"
"DMD","hsa05416"
"FYN","hsa05416"
"HLA-A","hsa05416"
"HLA-B","hsa05416"
"HLA-C","hsa05416"
"HLA-DMA","hsa05416"
"HLA-DRA","hsa05416"
"HLA-DRB1","hsa05416"
"LAMA1","hsa05416"
"LAMA2","hsa05416"
"RAC1","hsa05416"
"SGCA","hsa05416"
"SGCD","hsa05416"
"AKT1","hsa05212"
"CCND1","hsa05212"
"CDC42","hsa05212"
"CDK4","hsa05212"
"CDK6","hsa05212"
"CDKN1A","hsa05212"
"EGFR","hsa05212"
"GADD45A","hsa05212"
"IKBKG","hsa05212"
"JAK1","hsa05212"
"RAC1","hsa05212"
"RB1","hsa05212"
"SMAD2","hsa05212"
"SMAD3","hsa05212"
"SMAD4","hsa05212"
"STAT3","hsa05212"
"TGFA","hsa05212"
"TGFB1","hsa05212"
"TP53","hsa05212"
"AKT1","hsa05168"
"ALYREF","hsa05168"
"B2M","hsa05168"
"C3","hsa05168"
"CALR","hsa05168"
"CASP8","hsa05168"
"CCL2","hsa05168"
"CCL5","hsa05168"
"CD74","hsa05168"
"DAXX","hsa05168"
"EIF2S1","hsa05168"
"HLA-A","hsa05168"
"HLA-B","hsa05168"
"HLA-C","hsa05168"
"HLA-DMA","hsa05168"
"HLA-DRA","hsa05168"
"HLA-DRB1","hsa05168"
"IKBKG","hsa05168"
"IL1B","hsa05168"
"IL6","hsa05168"
"JAK1","hsa05168"
"JAK2","hsa05168"
"PDIA3","hsa05168"
"SRC","hsa05168"
"SRPK1","hsa05168"
"SRSF1","hsa05168"
"SRSF2","hsa05168"
"SRSF3","hsa05168"
"SRSF7","hsa05168"
"TAPBP","hsa05168"
"TNF","hsa05168"
"TP53","hsa05168"
"TRAF6","hsa05168"
"C1QA","hsa05133"
"C1R","hsa05133"
"C1S","hsa05133"
"C3","hsa05133"
"C4A","hsa05133"
"C4B","hsa05133"
"CXCL8","hsa05133"
"FOS","hsa05133"
"GNAI1","hsa05133"
"IL10","hsa05133"
"IL1A","hsa05133"
"IL1B","hsa05133"
"IL6","hsa05133"
"ITGB1","hsa05133"
"JUN","hsa05133"
"RHOA","hsa05133"
"SERPING1","hsa05133"
"TNF","hsa05133"
"TRAF6","hsa05133"
"AKT1","hsa05222"
"CCND1","hsa05222"
"CCNE1","hsa05222"
"CCNE2","hsa05222"
"CDK2","hsa05222"
"CDK4","hsa05222"
"CDK6","hsa05222"
"CDKN1A","hsa05222"
"CKS1B","hsa05222"
"CKS2","hsa05222"
"GADD45A","hsa05222"
"IKBKG","hsa05222"
"ITGAV","hsa05222"
"ITGB1","hsa05222"
"LAMA1","hsa05222"
"LAMA2","hsa05222"
"LAMA5","hsa05222"
"PTK2","hsa05222"
"RB1","hsa05222"
"TP53","hsa05222"
"TRAF6","hsa05222"
"AGER","hsa04933"
"AKT1","hsa04933"
"CCL2","hsa04933"
"CCND1","hsa04933"
"CDC42","hsa04933"
"CDK4","hsa04933"
"CXCL8","hsa04933"
"FOXO1","hsa04933"
"IL1A","hsa04933"
"IL1B","hsa04933"
"IL6","hsa04933"
"JAK2","hsa04933"
"JUN","hsa04933"
"PRKCZ","hsa04933"
"RAC1","hsa04933"
"SELE","hsa04933"
"SMAD2","hsa04933"
"SMAD3","hsa04933"
"SMAD4","hsa04933"
"STAT3","hsa04933"
"TGFB1","hsa04933"
"TNF","hsa04933"
"ANAPC5","hsa04657"
"CASP8","hsa04657"
"CCL2","hsa04657"
"CCL7","hsa04657"
"CSF2","hsa04657"
"CSF3","hsa04657"
"CXCL1","hsa04657"
"CXCL10","hsa04657"
"CXCL2","hsa04657"
"CXCL8","hsa04657"
"FOS","hsa04657"
"HSP90AA1","hsa04657"
"IKBKG","hsa04657"
"IL17A","hsa04657"
"IL1B","hsa04657"
"IL4","hsa04657"
"IL6","hsa04657"
"JUN","hsa04657"
"SRSF1","hsa04657"
"TNF","hsa04657"
"TRAF6","hsa04657"
"AKT1","hsa05418"
"ASS1","hsa05418"
"CAV3","hsa05418"
"CCL2","hsa05418"
"CTSL","hsa05418"
"FOS","hsa05418"
"HSP90AA1","hsa05418"
"IKBKG","hsa05418"
"IL1A","hsa05418"
"IL1B","hsa05418"
"ITGAV","hsa05418"
"JUN","hsa05418"
"KEAP1","hsa05418"
"MEF2C","hsa05418"
"PRKCZ","hsa05418"
"PTK2","hsa05418"
"RAC1","hsa05418"
"RHOA","hsa05418"
"SDC2","hsa05418"
"SELE","hsa05418"
"SQSTM1","hsa05418"
"SRC","hsa05418"
"SUMO1","hsa05418"
"SUMO2","hsa05418"
"SUMO3","hsa05418"
"TNF","hsa05418"
"TP53","hsa05418"
"ARRB2","hsa04144"
"CAPZA1","hsa04144"
"CAPZA2","hsa04144"
"CAPZB","hsa04144"
"CAV3","hsa04144"
"CCR5","hsa04144"
"CDC42","hsa04144"
"CHMP1B","hsa04144"
"CHMP2B","hsa04144"
"CHMP3","hsa04144"
"CHMP4B","hsa04144"
"CHMP5","hsa04144"
"CHMP6","hsa04144"
"CXCR2","hsa04144"
"CXCR4","hsa04144"
"EEA1","hsa04144"
"EGFR","hsa04144"
"HLA-A","hsa04144"
"HLA-B","hsa04144"
"HLA-C","hsa04144"
"IL2RA","hsa04144"
"IL2RB","hsa04144"
"IL2RG","hsa04144"
"IQSEC3","hsa04144"
"IST1","hsa04144"
"LDLRAP1","hsa04144"
"PRKCI","hsa04144"
"PRKCZ","hsa04144"
"RAB5A","hsa04144"
"RAB5C","hsa04144"
"RAB7A","hsa04144"
"RHOA","hsa04144"
"SMAD2","hsa04144"
"SMAD3","hsa04144"
"SRC","hsa04144"
"TRAF6","hsa04144"
"VPS4A","hsa04144"
"VPS4B","hsa04144"
"VTA1","hsa04144"
"WASL","hsa04144"
"AGER","hsa05010"
"AKT1","hsa05010"
"APC2","hsa05010"
"APP","hsa05010"
"CASP8","hsa05010"
"CYC1","hsa05010"
"EIF2S1","hsa05010"
"IKBKG","hsa05010"
"IL1A","hsa05010"
"IL1B","hsa05010"
"IL6","hsa05010"
"MAPT","hsa05010"
"MCU","hsa05010"
"NDUFA1","hsa05010"
"NDUFA10","hsa05010"
"NDUFA11","hsa05010"
"NDUFA12","hsa05010"
"NDUFA13","hsa05010"
"NDUFA2","hsa05010"
"NDUFA3","hsa05010"
"NDUFA5","hsa05010"
"NDUFA6","hsa05010"
"NDUFA7","hsa05010"
"NDUFA8","hsa05010"
"NDUFA9","hsa05010"
"NDUFAB1","hsa05010"
"NDUFB1","hsa05010"
"NDUFB10","hsa05010"
"NDUFB11","hsa05010"
"NDUFB2","hsa05010"
"NDUFB3","hsa05010"
"NDUFB4","hsa05010"
"NDUFB5","hsa05010"
"NDUFB6","hsa05010"
"NDUFB7","hsa05010"
"NDUFB8","hsa05010"
"NDUFB9","hsa05010"
"NDUFC1","hsa05010"
"NDUFC2","hsa05010"
"NDUFS1","hsa05010"
"NDUFS2","hsa05010"
"NDUFS3","hsa05010"
"NDUFS4","hsa05010"
"NDUFS5","hsa05010"
"NDUFS6","hsa05010"
"NDUFS7","hsa05010"
"NDUFS8","hsa05010"
"NDUFV1","hsa05010"
"NDUFV2","hsa05010"
"NDUFV3","hsa05010"
"SDHB","hsa05010"
"TNF","hsa05010"
"UQCRC1","hsa05010"
"UQCRC2","hsa05010"
"UQCRFS1","hsa05010"
"ATP6V1A","hsa04966"
"ATP6V1B1","hsa04966"
"ATP6V1B2","hsa04966"
"ATP6V1C2","hsa04966"
"ATP6V1D","hsa04966"
"ATP6V1E1","hsa04966"
"ATP6V1E2","hsa04966"
"ATP6V1F","hsa04966"
"ATP6V1G1","hsa04966"
"ATP6V1G2","hsa04966"
"AKT1","hsa05135"
"CCL2","hsa05135"
"CD4","hsa05135"
"CD8A","hsa05135"
"CDC42","hsa05135"
"CXCL8","hsa05135"
"FOS","hsa05135"
"IKBKG","hsa05135"
"IL10","hsa05135"
"IL18","hsa05135"
"IL1B","hsa05135"
"IL2","hsa05135"
"IL6","hsa05135"
"ITGB1","hsa05135"
"JUN","hsa05135"
"LCK","hsa05135"
"PTK2","hsa05135"
"RAC1","hsa05135"
"RHOA","hsa05135"
"RPS6KA1","hsa05135"
"SRC","hsa05135"
"TNF","hsa05135"
"TRAF6","hsa05135"
"WASF2","hsa05135"
"WASL","hsa05135"
"ZAP70","hsa05135"
"ATM","hsa04115"
"CASP8","hsa04115"
"CCNB1","hsa04115"
"CCNB2","hsa04115"
"CCND1","hsa04115"
"CCND3","hsa04115"
"CCNE1","hsa04115"
"CCNE2","hsa04115"
"CDK1","hsa04115"
"CDK2","hsa04115"
"CDK4","hsa04115"
"CDK6","hsa04115"
"CDKN1A","hsa04115"
"GADD45A","hsa04115"
"IGF1","hsa04115"
"RRM2","hsa04115"
"TP53","hsa04115"
"AKT1","hsa04660"
"CD247","hsa04660"
"CD3D","hsa04660"
"CD3E","hsa04660"
"CD3G","hsa04660"
"CD4","hsa04660"
"CD8A","hsa04660"
"CDC42","hsa04660"
"CDK4","hsa04660"
"CSF2","hsa04660"
"FOS","hsa04660"
"FYN","hsa04660"
"GRB2","hsa04660"
"IKBKG","hsa04660"
"IL10","hsa04660"
"IL2","hsa04660"
"IL4","hsa04660"
"JUN","hsa04660"
"LCK","hsa04660"
"NCK1","hsa04660"
"RHOA","hsa04660"
"TNF","hsa04660"
"ZAP70","hsa04660"
"CCNH","hsa03420"
"CDK7","hsa03420"
"ERCC2","hsa03420"
"ERCC3","hsa03420"
"GTF2H1","hsa03420"
"GTF2H2","hsa03420"
"GTF2H2C","hsa03420"
"GTF2H3","hsa03420"
"GTF2H4","hsa03420"
"GTF2H5","hsa03420"
"MNAT1","hsa03420"
"PCNA","hsa03420"
"POLR2A","hsa03420"
"POLR2E","hsa03420"
"POLR2F","hsa03420"
"CCL2","hsa05144"
"CSF3","hsa05144"
"CXCL8","hsa05144"
"HBB","hsa05144"
"IL10","hsa05144"
"IL18","hsa05144"
"IL1B","hsa05144"
"IL6","hsa05144"
"SDC2","hsa05144"
"SELE","hsa05144"
"SELP","hsa05144"
"TGFB1","hsa05144"
"TNF","hsa05144"
"CD3D","hsa05340"
"CD3E","hsa05340"
"CD4","hsa05340"
"CD8A","hsa05340"
"IKBKG","hsa05340"
"IL2RG","hsa05340"
"IL7R","hsa05340"
"JAK3","hsa05340"
"LCK","hsa05340"
"ORAI1","hsa05340"
"ZAP70","hsa05340"
"CCL2","hsa04060"
"CCL3","hsa04060"
"CCL4","hsa04060"
"CCL5","hsa04060"
"CCL7","hsa04060"
"CCL8","hsa04060"
"CCR1","hsa04060"
"CCR2","hsa04060"
"CCR5","hsa04060"
"CD27","hsa04060"
"CD4","hsa04060"
"CD70","hsa04060"
"CSF2","hsa04060"
"CSF3","hsa04060"
"CXCL1","hsa04060"
"CXCL10","hsa04060"
"CXCL2","hsa04060"
"CXCL8","hsa04060"
"CXCR2","hsa04060"
"CXCR4","hsa04060"
"EDAR","hsa04060"
"EPO","hsa04060"
"EPOR","hsa04060"
"GDF15","hsa04060"
"IL10","hsa04060"
"IL15","hsa04060"
"IL17A","hsa04060"
"IL18","hsa04060"
"IL1A","hsa04060"
"IL1B","hsa04060"
"IL2","hsa04060"
"IL2RA","hsa04060"
"IL2RB","hsa04060"
"IL2RG","hsa04060"
"IL4","hsa04060"
"IL4R","hsa04060"
"IL6","hsa04060"
"IL6R","hsa04060"
"IL6ST","hsa04060"
"IL7","hsa04060"
"IL7R","hsa04060"
"TGFB1","hsa04060"
"TNF","hsa04060"
"C3","hsa05140"
"EEF1A1","hsa05140"
"FOS","hsa05140"
"HLA-DMA","hsa05140"
"HLA-DRA","hsa05140"
"HLA-DRB1","hsa05140"
"IL10","hsa05140"
"IL1A","hsa05140"
"IL1B","hsa05140"
"IL4","hsa05140"
"ITGB1","hsa05140"
"JAK1","hsa05140"
"JAK2","hsa05140"
"JUN","hsa05140"
"TGFB1","hsa05140"
"TNF","hsa05140"
"TRAF6","hsa05140"
"HLA-A","hsa05332"
"HLA-B","hsa05332"
"HLA-C","hsa05332"
"HLA-DMA","hsa05332"
"HLA-DRA","hsa05332"
"HLA-DRB1","hsa05332"
"IL1A","hsa05332"
"IL1B","hsa05332"
"IL2","hsa05332"
"IL6","hsa05332"
"KIR3DL1","hsa05332"
"TNF","hsa05332"
"AKT1","hsa05210"
"APC2","hsa05210"
"BIRC5","hsa05210"
"CCND1","hsa05210"
"CDKN1A","hsa05210"
"EGFR","hsa05210"
"FOS","hsa05210"
"GADD45A","hsa05210"
"GRB2","hsa05210"
"JUN","hsa05210"
"RAC1","hsa05210"
"RHOA","hsa05210"
"SMAD2","hsa05210"
"SMAD3","hsa05210"
"SMAD4","hsa05210"
"TGFA","hsa05210"
"TGFB1","hsa05210"
"TP53","hsa05210"
"AKT1","hsa04630"
"CCND1","hsa04630"
"CCND3","hsa04630"
"CDKN1A","hsa04630"
"CSF2","hsa04630"
"CSF3","hsa04630"
"EGFR","hsa04630"
"EP300","hsa04630"
"EPO","hsa04630"
"EPOR","hsa04630"
"GRB2","hsa04630"
"IL10","hsa04630"
"IL15","hsa04630"
"IL2","hsa04630"
"IL2RA","hsa04630"
"IL2RB","hsa04630"
"IL2RG","hsa04630"
"IL4","hsa04630"
"IL4R","hsa04630"
"IL6","hsa04630"
"IL6R","hsa04630"
"IL6ST","hsa04630"
"IL7","hsa04630"
"IL7R","hsa04630"
"JAK1","hsa04630"
"JAK2","hsa04630"
"JAK3","hsa04630"
"STAT3","hsa04630"
"ABI1","hsa05130"
"ABL1","hsa05130"
"BRK1","hsa05130"
"CASP8","hsa05130"
"CDC42","hsa05130"
"CLDN7","hsa05130"
"CXCL8","hsa05130"
"CYFIP1","hsa05130"
"CYFIP2","hsa05130"
"FOS","hsa05130"
"FYN","hsa05130"
"IKBKG","hsa05130"
"IL18","hsa05130"
"IL1B","hsa05130"
"IL6","hsa05130"
"ITGB1","hsa05130"
"JUN","hsa05130"
"NCK1","hsa05130"
"NCKAP1","hsa05130"
"NCKAP1L","hsa05130"
"RAC1","hsa05130"
"RHOA","hsa05130"
"RIPK1","hsa05130"
"RPS3","hsa05130"
"SRC","hsa05130"
"TJP1","hsa05130"
"TNF","hsa05130"
"TRAF6","hsa05130"
"WASF1","hsa05130"
"WASF2","hsa05130"
"WASF3","hsa05130"
"WASL","hsa05130"
"AKT1","hsa05205"
"CAV3","hsa05205"
"CCND1","hsa05205"
"CD44","hsa05205"
"CD63","hsa05205"
"CDC42","hsa05205"
"CDKN1A","hsa05205"
"CTSL","hsa05205"
"EGFR","hsa05205"
"ESR1","hsa05205"
"GRB2","hsa05205"
"HIF1A","hsa05205"
"HSPG2","hsa05205"
"IGF1","hsa05205"
"IGF2","hsa05205"
"IHH","hsa05205"
"ITGAV","hsa05205"
"ITGB1","hsa05205"
"PTCH1","hsa05205"
"PTK2","hsa05205"
"RAC1","hsa05205"
"RHOA","hsa05205"
"RPS6","hsa05205"
"SDC2","hsa05205"
"SHH","hsa05205"
"SMAD2","hsa05205"
"SMO","hsa05205"
"SRC","hsa05205"
"STAT3","hsa05205"
"TGFB1","hsa05205"
"TNF","hsa05205"
"TP53","hsa05205"
"AKT1","hsa05170"
"ATM","hsa05170"
"B2M","hsa05170"
"CALR","hsa05170"
"CASP8","hsa05170"
"CCNB1","hsa05170"
"CCNB2","hsa05170"
"CCNB3","hsa05170"
"CCR5","hsa05170"
"CD247","hsa05170"
"CD3D","hsa05170"
"CD3E","hsa05170"
"CD3G","hsa05170"
"CD4","hsa05170"
"CDC25C","hsa05170"
"CDK1","hsa05170"
"CXCR4","hsa05170"
"FOS","hsa05170"
"GNAI1","hsa05170"
"HLA-A","hsa05170"
"HLA-B","hsa05170"
"HLA-C","hsa05170"
"IKBKG","hsa05170"
"JUN","hsa05170"
"PDIA3","hsa05170"
"PTK2","hsa05170"
"RAC1","hsa05170"
"RIPK1","hsa05170"
"TAPBP","hsa05170"
"TNF","hsa05170"
"TRAF6","hsa05170"
"TRIM5","hsa05170"
"WEE1","hsa05170"
"AKT1","hsa04151"
"BRCA1","hsa04151"
"CCND1","hsa04151"
"CCND3","hsa04151"
"CCNE1","hsa04151"
"CCNE2","hsa04151"
"CDK2","hsa04151"
"CDK4","hsa04151"
"CDK6","hsa04151"
"CDKN1A","hsa04151"
"CREB1","hsa04151"
"CSF3","hsa04151"
"EGFR","hsa04151"
"EIF4E","hsa04151"
"EPO","hsa04151"
"EPOR","hsa04151"
"FOXO3","hsa04151"
"GRB2","hsa04151"
"HSP90AA1","hsa04151"
"IGF1","hsa04151"
"IGF2","hsa04151"
"IKBKG","hsa04151"
"IL2","hsa04151"
"IL2RA","hsa04151"
"IL2RB","hsa04151"
"IL2RG","hsa04151"
"IL4","hsa04151"
"IL4R","hsa04151"
"IL6","hsa04151"
"IL6R","hsa04151"
"IL7","hsa04151"
"IL7R","hsa04151"
"ITGAV","hsa04151"
"ITGB1","hsa04151"
"ITGB8","hsa04151"
"JAK1","hsa04151"
"JAK2","hsa04151"
"JAK3","hsa04151"
"KITLG","hsa04151"
"LAMA1","hsa04151"
"LAMA2","hsa04151"
"LAMA5","hsa04151"
"NTRK1","hsa04151"
"PTK2","hsa04151"
"RAC1","hsa04151"
"RET","hsa04151"
"RPS6","hsa04151"
"TGFA","hsa04151"
"TP53","hsa04151"
"ABL1","hsa05220"
"AKT1","hsa05220"
"BCR","hsa05220"
"CCND1","hsa05220"
"CDK4","hsa05220"
"CDK6","hsa05220"
"CDKN1A","hsa05220"
"GADD45A","hsa05220"
"GRB2","hsa05220"
"HDAC1","hsa05220"
"IKBKG","hsa05220"
"RB1","hsa05220"
"SMAD3","hsa05220"
"SMAD4","hsa05220"
"TGFB1","hsa05220"
"TP53","hsa05220"
"AKT1","hsa04062"
"ARRB2","hsa04062"
"CCL2","hsa04062"
"CCL3","hsa04062"
"CCL4","hsa04062"
"CCL5","hsa04062"
"CCL7","hsa04062"
"CCL8","hsa04062"
"CCR1","hsa04062"
"CCR2","hsa04062"
"CCR5","hsa04062"
"CDC42","hsa04062"
"CXCL1","hsa04062"
"CXCL10","hsa04062"
"CXCL2","hsa04062"
"CXCL8","hsa04062"
"CXCR2","hsa04062"
"CXCR4","hsa04062"
"FOXO3","hsa04062"
"GNAI1","hsa04062"
"GRB2","hsa04062"
"IKBKG","hsa04062"
"JAK2","hsa04062"
"JAK3","hsa04062"
"PRKCZ","hsa04062"
"PTK2","hsa04062"
"RAC1","hsa04062"
"RHOA","hsa04062"
"SRC","hsa04062"
"STAT3","hsa04062"
"C1QA","hsa05150"
"C1R","hsa05150"
"C1S","hsa05150"
"C3","hsa05150"
"C4A","hsa05150"
"C4B","hsa05150"
"CFH","hsa05150"
"CFI","hsa05150"
"DSG1","hsa05150"
"FCGR2B","hsa05150"
"FPR3","hsa05150"
"HLA-DMA","hsa05150"
"HLA-DRA","hsa05150"
"HLA-DRB1","hsa05150"
"IL10","hsa05150"
"MASP2","hsa05150"
"PLG","hsa05150"
"SELP","hsa05150"
"SELPLG","hsa05150"
"ATP6V1A","hsa05110"
"ATP6V1B1","hsa05110"
"ATP6V1B2","hsa05110"
"ATP6V1C2","hsa05110"
"ATP6V1D","hsa05110"
"ATP6V1E1","hsa05110"
"ATP6V1E2","hsa05110"
"ATP6V1F","hsa05110"
"ATP6V1G1","hsa05110"
"ATP6V1G2","hsa05110"
"ATP6V1H","hsa05110"
"TJP1","hsa05110"
"AKT1","hsa05223"
"CCND1","hsa05223"
"CDK4","hsa05223"
"CDK6","hsa05223"
"CDKN1A","hsa05223"
"EGFR","hsa05223"
"FOXO3","hsa05223"
"GADD45A","hsa05223"
"GRB2","hsa05223"
"JAK3","hsa05223"
"RB1","hsa05223"
"RET","hsa05223"
"STAT3","hsa05223"
"TGFA","hsa05223"
"TP53","hsa05223"
"AKT1","hsa05131"
"ATM","hsa05131"
"C3","hsa05131"
"CCL5","hsa05131"
"CD44","hsa05131"
"CDC42","hsa05131"
"CSF2","hsa05131"
"CXCL8","hsa05131"
"EGFR","hsa05131"
"FOXO1","hsa05131"
"FOXO3","hsa05131"
"IKBKG","hsa05131"
"IL18","hsa05131"
"IL1B","hsa05131"
"ITGB1","hsa05131"
"JUN","hsa05131"
"MAP1LC3A","hsa05131"
"MAP1LC3B","hsa05131"
"PTK2","hsa05131"
"RAC1","hsa05131"
"RHOA","hsa05131"
"RIPK1","hsa05131"
"RPS27A","hsa05131"
"SQSTM1","hsa05131"
"SRC","hsa05131"
"TNF","hsa05131"
"TP53","hsa05131"
"TRAF6","hsa05131"
"UBA52","hsa05131"
"UBC","hsa05131"
"UBE2N","hsa05131"
"UBE2V1","hsa05131"
"UBE2V2","hsa05131"
"WASF1","hsa05131"
"WASF2","hsa05131"
"WASL","hsa05131"
"AKT1","hsa05164"
"CASP8","hsa05164"
"CCL2","hsa05164"
"CCL5","hsa05164"
"CCND3","hsa05164"
"CDK4","hsa05164"
"CDK6","hsa05164"
"CPSF4","hsa05164"
"CXCL10","hsa05164"
"CXCL8","hsa05164"
"EIF2S1","hsa05164"
"EP300","hsa05164"
"HLA-DMA","hsa05164"
"HLA-DRA","hsa05164"
"HLA-DRB1","hsa05164"
"IKBKG","hsa05164"
"IL18","hsa05164"
"IL1A","hsa05164"
"IL1B","hsa05164"
"IL6","hsa05164"
"JAK1","hsa05164"
"JAK2","hsa05164"
"PABPN1","hsa05164"
"PLG","hsa05164"
"TNF","hsa05164"
"TRIM25","hsa05164"
"XPO1","hsa05164"
"AKT1","hsa04919"
"CCND1","hsa04919"
"EP300","hsa04919"
"ESR1","hsa04919"
"FOXO1","hsa04919"
"HDAC1","hsa04919"
"HIF1A","hsa04919"
"ITGAV","hsa04919"
"MED1","hsa04919"
"MED12","hsa04919"
"MED13","hsa04919"
"MED14","hsa04919"
"MED16","hsa04919"
"MED17","hsa04919"
"MED24","hsa04919"
"MED27","hsa04919"
"MED30","hsa04919"
"MED4","hsa04919"
"SRC","hsa04919"
"TBC1D4","hsa04919"
"TP53","hsa04919"
"AKT1","hsa05235"
"CD247","hsa05235"
"CD3D","hsa05235"
"CD3E","hsa05235"
"CD3G","hsa05235"
"CD4","hsa05235"
"EGFR","hsa05235"
"FOS","hsa05235"
"HIF1A","hsa05235"
"IKBKG","hsa05235"
"JAK1","hsa05235"
"JAK2","hsa05235"
"JUN","hsa05235"
"LCK","hsa05235"
"STAT3","hsa05235"
"TRAF6","hsa05235"
"ZAP70","hsa05235"
"HLA-A","hsa05330"
"HLA-B","hsa05330"
"HLA-C","hsa05330"
"HLA-DMA","hsa05330"
"HLA-DRA","hsa05330"
"HLA-DRB1","hsa05330"
"IL10","hsa05330"
"IL2","hsa05330"
"IL4","hsa05330"
"TNF","hsa05330"
"AKT1","hsa04936"
"C1QA","hsa04936"
"C3","hsa04936"
"C4A","hsa04936"
"C4B","hsa04936"
"CASP8","hsa04936"
"CCND1","hsa04936"
"CXCL1","hsa04936"
"CXCL2","hsa04936"
"CXCL8","hsa04936"
"FOXO1","hsa04936"
"FOXO3","hsa04936"
"IKBKG","hsa04936"
"IL17A","hsa04936"
"IL1B","hsa04936"
"IL6","hsa04936"
"PPARA","hsa04936"
"PPARGC1A","hsa04936"
"RIPK1","hsa04936"
"SIRT1","hsa04936"
"TNF","hsa04936"
"TRA2B","hsa04936"
"TRAF6","hsa04936"
"AGER","hsa05417"
"AKT1","hsa05417"
"CASP8","hsa05417"
"CCL2","hsa05417"
"CCL3","hsa05417"
"CCL5","hsa05417"
"CDC42","hsa05417"
"CXCL1","hsa05417"
"CXCL2","hsa05417"
"CXCL8","hsa05417"
"EIF2S1","hsa05417"
"FOS","hsa05417"
"HSP90AA1","hsa05417"
"HSPA5","hsa05417"
"IKBKG","hsa05417"
"IL18","hsa05417"
"IL1B","hsa05417"
"IL6","hsa05417"
"JAK2","hsa05417"
"JUN","hsa05417"
"PPARG","hsa05417"
"PTK2","hsa05417"
"RAC1","hsa05417"
"RHOA","hsa05417"
"SELE","hsa05417"
"SELP","hsa05417"
"SRC","hsa05417"
"STAT3","hsa05417"
"TNF","hsa05417"
"TP53","hsa05417"
"TRAF6","hsa05417"
"AKT1","hsa04668"
"CASP8","hsa04668"
"CCL2","hsa04668"
"CCL5","hsa04668"
"CREB1","hsa04668"
"CSF2","hsa04668"
"CXCL1","hsa04668"
"CXCL10","hsa04668"
"CXCL2","hsa04668"
"CYLD","hsa04668"
"FOS","hsa04668"
"IKBKG","hsa04668"
"IL15","hsa04668"
"IL1B","hsa04668"
"IL6","hsa04668"
"JUN","hsa04668"
"RHBDF2","hsa04668"
"RIPK1","hsa04668"
"SELE","hsa04668"
"TNF","hsa04668"
"ALYREF","hsa03015"
"CPSF1","hsa03015"
"CPSF2","hsa03015"
"CPSF3","hsa03015"
"CPSF4","hsa03015"
"DDX39B","hsa03015"
"FIP1L1","hsa03015"
"MAGOHB","hsa03015"
"MSI2","hsa03015"
"PABPN1","hsa03015"
"RNPS1","hsa03015"
"SMG5","hsa03015"
"SMG6","hsa03015"
"SRRM1","hsa03015"
"SSU72","hsa03015"
"SYMPK","hsa03015"
"WDR33","hsa03015"
"WDR82","hsa03015"
"AKT1","hsa05145"
"CASP8","hsa05145"
"CCR5","hsa05145"
"GNAI1","hsa05145"
"HLA-DMA","hsa05145"
"HLA-DRA","hsa05145"
"HLA-DRB1","hsa05145"
"IKBKG","hsa05145"
"IL10","hsa05145"
"ITGB1","hsa05145"
"JAK1","hsa05145"
"JAK2","hsa05145"
"LAMA1","hsa05145"
"LAMA2","hsa05145"
"LAMA5","hsa05145"
"STAT3","hsa05145"
"TGFB1","hsa05145"
"TNF","hsa05145"
"TRAF6","hsa05145"
"AKT1","hsa05152"
"ATP6V1H","hsa05152"
"C3","hsa05152"
"CASP8","hsa05152"
"CD74","hsa05152"
"CREB1","hsa05152"
"EEA1","hsa05152"
"EP300","hsa05152"
"FCGR2B","hsa05152"
"HLA-DMA","hsa05152"
"HLA-DRA","hsa05152"
"HLA-DRB1","hsa05152"
"IL10","hsa05152"
"IL18","hsa05152"
"IL1A","hsa05152"
"IL1B","hsa05152"
"IL6","hsa05152"
"JAK1","hsa05152"
"JAK2","hsa05152"
"RAB5A","hsa05152"
"RAB5C","hsa05152"
"RAB7A","hsa05152"
"RHOA","hsa05152"
"SRC","hsa05152"
"TGFB1","hsa05152"
"TNF","hsa05152"
"TRAF6","hsa05152"
"CCR5","hsa03250"
"CD4","hsa03250"
"CHMP4B","hsa03250"
"CHMP6","hsa03250"
"CXCR4","hsa03250"
"EP300","hsa03250"
"RAN","hsa03250"
"RANBP2","hsa03250"
"TNPO3","hsa03250"
"TRIM5","hsa03250"
"VPS4A","hsa03250"
"VPS4B","hsa03250"
"XPO1","hsa03250"
"ATM","hsa04064"
"CCL4","hsa04064"
"CXCL1","hsa04064"
"CXCL2","hsa04064"
"CXCL8","hsa04064"
"CYLD","hsa04064"
"EDAR","hsa04064"
"EDARADD","hsa04064"
"GADD45A","hsa04064"
"IKBKG","hsa04064"
"IL1B","hsa04064"
"LCK","hsa04064"
"RIPK1","hsa04064"
"TNF","hsa04064"
"TRAF6","hsa04064"
"TRIM25","hsa04064"
"UBE2I","hsa04064"
"ZAP70","hsa04064"
"HLA-A","hsa04940"
"HLA-B","hsa04940"
"HLA-C","hsa04940"
"HLA-DMA","hsa04940"
"HLA-DRA","hsa04940"
"HLA-DRB1","hsa04940"
"IL1A","hsa04940"
"IL1B","hsa04940"
"IL2","hsa04940"
"TNF","hsa04940"
"AAAS","hsa03013"
"ALYREF","hsa03013"
"DDX39B","hsa03013"
"EEF1A1","hsa03013"
"KPNB1","hsa03013"
"MAGOHB","hsa03013"
"NUP85","hsa03013"
"RAN","hsa03013"
"RANBP2","hsa03013"
"RANGAP1","hsa03013"
"RNPS1","hsa03013"
"SRRM1","hsa03013"
"SUMO1","hsa03013"
"SUMO2","hsa03013"
"SUMO3","hsa03013"
"TNPO3","hsa03013"
"UBE2I","hsa03013"
"XPO1","hsa03013"
"CSF2","hsa05146"
"CXCL1","hsa05146"
"CXCL2","hsa05146"
"CXCL8","hsa05146"
"IL10","hsa05146"
"IL1B","hsa05146"
"IL6","hsa05146"
"LAMA1","hsa05146"
"LAMA2","hsa05146"
"LAMA5","hsa05146"
"PTK2","hsa05146"
"RAB5A","hsa05146"
"RAB5C","hsa05146"
"RAB7A","hsa05146"
"RAB7B","hsa05146"
"TGFB1","hsa05146"
"TNF","hsa05146"
"CD63","hsa03272"
"CHMP1B","hsa03272"
"CHMP4B","hsa03272"
"CLDN7","hsa03272"
"EGFR","hsa03272"
"EPCAM","hsa03272"
"HSPG2","hsa03272"
"IST1","hsa03272"
"VPS4A","hsa03272"
"VPS4B","hsa03272"
"AKT1","hsa01521"
"EGFR","hsa01521"
"EIF4E","hsa01521"
"FOXO3","hsa01521"
"GRB2","hsa01521"
"IGF1","hsa01521"
"IL6","hsa01521"
"IL6R","hsa01521"
"JAK1","hsa01521"
"JAK2","hsa01521"
"RPS6","hsa01521"
"SRC","hsa01521"
"STAT3","hsa01521"
"TGFA","hsa01521"
"ARRB2","hsa04340"
"BOC","hsa04340"
"CCND1","hsa04340"
"CDON","hsa04340"
"DHH","hsa04340"
"GAS1","hsa04340"
"GLI3","hsa04340"
"IHH","hsa04340"
"PTCH1","hsa04340"
"SHH","hsa04340"
"SMO","hsa04340"
"POLR1A","hsa03020"
"POLR1B","hsa03020"
"POLR1C","hsa03020"
"POLR1D","hsa03020"
"POLR1E","hsa03020"
"POLR2A","hsa03020"
"POLR2E","hsa03020"
"POLR2F","hsa03020"
"AKT1","hsa05215"
"CCND1","hsa05215"
"CCNE1","hsa05215"
"CCNE2","hsa05215"
"CDK2","hsa05215"
"CDKN1A","hsa05215"
"CREB1","hsa05215"
"EGFR","hsa05215"
"EP300","hsa05215"
"FOXO1","hsa05215"
"GRB2","hsa05215"
"HSP90AA1","hsa05215"
"IGF1","hsa05215"
"IKBKG","hsa05215"
"RB1","hsa05215"
"TGFA","hsa05215"
"TP53","hsa05215"
"CXCR4","hsa04672"
"HLA-DMA","hsa04672"
"HLA-DRA","hsa04672"
"HLA-DRB1","hsa04672"
"IL10","hsa04672"
"IL15","hsa04672"
"IL2","hsa04672"
"IL4","hsa04672"
"IL6","hsa04672"
"TGFB1","hsa04672"
"AKT1","hsa04620"
"CASP8","hsa04620"
"CCL3","hsa04620"
"CCL4","hsa04620"
"CCL5","hsa04620"
"CXCL10","hsa04620"
"CXCL8","hsa04620"
"FOS","hsa04620"
"IKBKG","hsa04620"
"IL1B","hsa04620"
"IL6","hsa04620"
"JAK1","hsa04620"
"JUN","hsa04620"
"RAC1","hsa04620"
"RIPK1","hsa04620"
"TNF","hsa04620"
"TRAF6","hsa04620"
"CDC42","hsa04520"
"EGFR","hsa04520"
"EP300","hsa04520"
"FYN","hsa04520"
"PDCD10","hsa04520"
"RAC1","hsa04520"
"RHOA","hsa04520"
"SMAD3","hsa04520"
"SMAD4","hsa04520"
"SRC","hsa04520"
"TJP1","hsa04520"
"WASF1","hsa04520"
"WASF2","hsa04520"
"WASF3","hsa04520"
"WASL","hsa04520"
"AKT1","hsa04380"
"CREB1","hsa04380"
"CYLD","hsa04380"
"FCGR2B","hsa04380"
"FOS","hsa04380"
"FYN","hsa04380"
"GRB2","hsa04380"
"IKBKG","hsa04380"
"IL1A","hsa04380"
"IL1B","hsa04380"
"JAK1","hsa04380"
"JUN","hsa04380"
"LCK","hsa04380"
"PPARG","hsa04380"
"RAC1","hsa04380"
"SPI1","hsa04380"
"SQSTM1","hsa04380"
"TGFB1","hsa04380"
"TNF","hsa04380"
"TRAF6","hsa04380"
"BRD8","hsa03082"
"DMAP1","hsa03082"
"EPC1","hsa03082"
"HDAC1","hsa03082"
"ING3","hsa03082"
"KAT5","hsa03082"
"MEAF6","hsa03082"
"MORF4L1","hsa03082"
"MRGBP","hsa03082"
"RBBP4","hsa03082"
"RBBP7","hsa03082"
"RUVBL1","hsa03082"
"SMARCA4","hsa03082"
"SMARCA5","hsa03082"
"TRRAP","hsa03082"
"YEATS4","hsa03082"
"YY1","hsa03082"
"AKT1","hsa01522"
"CCND1","hsa01522"
"CDK4","hsa01522"
"CDKN1A","hsa01522"
"EGFR","hsa01522"
"ESR1","hsa01522"
"FOS","hsa01522"
"GRB2","hsa01522"
"IGF1","hsa01522"
"JUN","hsa01522"
"MED1","hsa01522"
"PTK2","hsa01522"
"RB1","hsa01522"
"SRC","hsa01522"
"TP53","hsa01522"
"CAV3","hsa05410"
"DAG1","hsa05410"
"DMD","hsa05410"
"IGF1","hsa05410"
"IL6","hsa05410"
"ITGAV","hsa05410"
"ITGB1","hsa05410"
"ITGB8","hsa05410"
"LAMA1","hsa05410"
"LAMA2","hsa05410"
"LMNA","hsa05410"
"SGCA","hsa05410"
"SGCD","hsa05410"
"TGFB1","hsa05410"
"TNF","hsa05410"
"C3","hsa05134"
"CASP8","hsa05134"
"CXCL1","hsa05134"
"CXCL2","hsa05134"
"CXCL8","hsa05134"
"EEF1A1","hsa05134"
"IL18","hsa05134"
"IL1B","hsa05134"
"IL6","hsa05134"
"TNF","hsa05134"
"CCND1","hsa05219"
"CDK4","hsa05219"
"CDKN1A","hsa05219"
"CXCL8","hsa05219"
"EGFR","hsa05219"
"RB1","hsa05219"
"SRC","hsa05219"
"TP53","hsa05219"
"CASP8","hsa04623"
"CCL4","hsa04623"
"CCL5","hsa04623"
"CXCL10","hsa04623"
"IKBKG","hsa04623"
"IL18","hsa04623"
"IL1B","hsa04623"
"IL6","hsa04623"
"POLR1C","hsa04623"
"POLR1D","hsa04623"
"POLR2E","hsa04623"
"POLR2F","hsa04623"
"RIPK1","hsa04623"
"AGER","hsa04148"
"C1QA","hsa04148"
"CALR","hsa04148"
"CREB1","hsa04148"
"DNMT3A","hsa04148"
"EPO","hsa04148"
"EPOR","hsa04148"
"HIF1A","hsa04148"
"IL10","hsa04148"
"ITGAV","hsa04148"
"JAK2","hsa04148"
"PPARG","hsa04148"
"PTK2","hsa04148"
"RAB5A","hsa04148"
"RAB5C","hsa04148"
"RAB7A","hsa04148"
"RAB7B","hsa04148"
"RAC1","hsa04148"
"SIRT1","hsa04148"
"TGFB1","hsa04148"
"UQCRFS1","hsa04148"
