"SYMBOL","PathwayID"
"ACTB","hsa05135"
"AKT1","hsa05135"
"ARHGEF12","hsa05135"
"BCAR1","hsa05135"
"CD4","hsa05135"
"CDC42","hsa05135"
"CHUK","hsa05135"
"CRK","hsa05135"
"CRKL","hsa05135"
"DOCK1","hsa05135"
"ELMO1","hsa05135"
"ELMO2","hsa05135"
"GNAQ","hsa05135"
"IKBKB","hsa05135"
"IKBKG","hsa05135"
"NFKB1","hsa05135"
"NFKBIA","hsa05135"
"PIK3CA","hsa05135"
"PIK3R1","hsa05135"
"PIK3R2","hsa05135"
"PLCG1","hsa05135"
"PTK2","hsa05135"
"PTK2B","hsa05135"
"RAC1","hsa05135"
"RELA","hsa05135"
"RHOA","hsa05135"
"RHOG","hsa05135"
"SRC","hsa05135"
"TNF","hsa05135"
"WAS","hsa05135"
"WASL","hsa05135"
"MCM2","hsa03030"
"MCM3","hsa03030"
"MCM4","hsa03030"
"MCM5","hsa03030"
"MCM6","hsa03030"
"MCM7","hsa03030"
"POLA1","hsa03030"
"POLA2","hsa03030"
"POLE","hsa03030"
"POLE2","hsa03030"
"PRIM1","hsa03030"
"PRIM2","hsa03030"
"RFC2","hsa03030"
"RFC3","hsa03030"
"RFC4","hsa03030"
"RFC5","hsa03030"
"RPA1","hsa03030"
"AKT1","hsa04062"
"ARRB2","hsa04062"
"BCAR1","hsa04062"
"CDC42","hsa04062"
"CHUK","hsa04062"
"CRK","hsa04062"
"CRKL","hsa04062"
"CXCL12","hsa04062"
"CXCL14","hsa04062"
"CXCR4","hsa04062"
"ELMO1","hsa04062"
"FOXO3","hsa04062"
"GNAQ","hsa04062"
"GRB2","hsa04062"
"IKBKB","hsa04062"
"IKBKG","hsa04062"
"JAK2","hsa04062"
"NFKB1","hsa04062"
"NFKBIA","hsa04062"
"PIK3CA","hsa04062"
"PIK3R1","hsa04062"
"PIK3R2","hsa04062"
"PLCG1","hsa04062"
"PREX1","hsa04062"
"PTK2","hsa04062"
"PTK2B","hsa04062"
"RAC1","hsa04062"
"RELA","hsa04062"
"RHOA","hsa04062"
"SHC1","hsa04062"
"SRC","hsa04062"
"WAS","hsa04062"
"AKT1","hsa01521"
"EGF","hsa01521"
"EGFR","hsa01521"
"ERBB2","hsa01521"
"ERBB3","hsa01521"
"FOXO3","hsa01521"
"GRB2","hsa01521"
"JAK2","hsa01521"
"MTOR","hsa01521"
"NRG1","hsa01521"
"NRG2","hsa01521"
"PDGFA","hsa01521"
"PDGFB","hsa01521"
"PDGFD","hsa01521"
"PDGFRB","hsa01521"
"PIK3CA","hsa01521"
"PIK3R1","hsa01521"
"PIK3R2","hsa01521"
"PLCG1","hsa01521"
"PTEN","hsa01521"
"SHC1","hsa01521"
"SRC","hsa01521"
"AKT1","hsa05215"
"AR","hsa05215"
"CHUK","hsa05215"
"EGF","hsa05215"
"EGFR","hsa05215"
"ERBB2","hsa05215"
"GRB2","hsa05215"
"IKBKB","hsa05215"
"IKBKG","hsa05215"
"MDM2","hsa05215"
"MTOR","hsa05215"
"NFKB1","hsa05215"
"NFKBIA","hsa05215"
"PDGFA","hsa05215"
"PDGFB","hsa05215"
"PDGFD","hsa05215"
"PDGFRB","hsa05215"
"PDPK1","hsa05215"
"PIK3CA","hsa05215"
"PIK3R1","hsa05215"
"PIK3R2","hsa05215"
"PTEN","hsa05215"
"RELA","hsa05215"
"TP53","hsa05215"
"ACTB","hsa05131"
"AKT1","hsa05131"
"BCAR1","hsa05131"
"BTRC","hsa05131"
"CD44","hsa05131"
"CDC42","hsa05131"
"CHUK","hsa05131"
"CRK","hsa05131"
"CRKL","hsa05131"
"DOCK1","hsa05131"
"EGFR","hsa05131"
"ELMO1","hsa05131"
"ELMO2","hsa05131"
"FOXO3","hsa05131"
"FOXO4","hsa05131"
"IKBKB","hsa05131"
"IKBKG","hsa05131"
"MDM2","hsa05131"
"MTOR","hsa05131"
"NFKB1","hsa05131"
"NFKBIA","hsa05131"
"PIK3CA","hsa05131"
"PIK3R1","hsa05131"
"PIK3R2","hsa05131"
"PLCG1","hsa05131"
"PTK2","hsa05131"
"RAC1","hsa05131"
"RELA","hsa05131"
"RHOA","hsa05131"
"SKP1","hsa05131"
"SRC","hsa05131"
"TNF","hsa05131"
"TP53","hsa05131"
"WASL","hsa05131"
"ACTB","hsa04510"
"AKT1","hsa04510"
"BCAR1","hsa04510"
"CDC42","hsa04510"
"COL6A1","hsa04510"
"COL6A2","hsa04510"
"COL6A3","hsa04510"
"CRK","hsa04510"
"CRKL","hsa04510"
"DOCK1","hsa04510"
"EGF","hsa04510"
"EGFR","hsa04510"
"ERBB2","hsa04510"
"FYN","hsa04510"
"GRB2","hsa04510"
"ITGA8","hsa04510"
"PDGFA","hsa04510"
"PDGFB","hsa04510"
"PDGFD","hsa04510"
"PDGFRB","hsa04510"
"PDPK1","hsa04510"
"PIK3CA","hsa04510"
"PIK3R1","hsa04510"
"PIK3R2","hsa04510"
"PTEN","hsa04510"
"PTK2","hsa04510"
"RAC1","hsa04510"
"RHOA","hsa04510"
"SHC1","hsa04510"
"SRC","hsa04510"
"AKT1","hsa05220"
"CHUK","hsa05220"
"CRK","hsa05220"
"CRKL","hsa05220"
"GRB2","hsa05220"
"HDAC1","hsa05220"
"IKBKB","hsa05220"
"IKBKG","hsa05220"
"MDM2","hsa05220"
"NFKB1","hsa05220"
"NFKBIA","hsa05220"
"PIK3CA","hsa05220"
"PIK3R1","hsa05220"
"PIK3R2","hsa05220"
"PTPN11","hsa05220"
"RELA","hsa05220"
"SHC1","hsa05220"
"TGFBR1","hsa05220"
"TP53","hsa05220"
"ACTB","hsa05100"
"BCAR1","hsa05100"
"CDC42","hsa05100"
"CRK","hsa05100"
"CRKL","hsa05100"
"DOCK1","hsa05100"
"ELMO1","hsa05100"
"ELMO2","hsa05100"
"ELMO3","hsa05100"
"PIK3CA","hsa05100"
"PIK3R1","hsa05100"
"PIK3R2","hsa05100"
"PTK2","hsa05100"
"RAC1","hsa05100"
"RHOA","hsa05100"
"RHOG","hsa05100"
"SHC1","hsa05100"
"SRC","hsa05100"
"WASL","hsa05100"
"AKT1","hsa04660"
"CD4","hsa04660"
"CDC42","hsa04660"
"CHUK","hsa04660"
"DLG1","hsa04660"
"FYN","hsa04660"
"GRB2","hsa04660"
"IKBKB","hsa04660"
"IKBKG","hsa04660"
"NCK1","hsa04660"
"NFKB1","hsa04660"
"NFKBIA","hsa04660"
"PDPK1","hsa04660"
"PIK3CA","hsa04660"
"PIK3R1","hsa04660"
"PIK3R2","hsa04660"
"PLCG1","hsa04660"
"PTPN11","hsa04660"
"PTPRC","hsa04660"
"RELA","hsa04660"
"RHOA","hsa04660"
"TNF","hsa04660"
"AKT1","hsa05163"
"ARHGEF11","hsa05163"
"ARHGEF12","hsa05163"
"BCAR1","hsa05163"
"CHUK","hsa05163"
"CRK","hsa05163"
"CRKL","hsa05163"
"CXCL12","hsa05163"
"CXCR4","hsa05163"
"EGFR","hsa05163"
"GNAQ","hsa05163"
"GRB2","hsa05163"
"IKBKB","hsa05163"
"IKBKG","hsa05163"
"MDM2","hsa05163"
"MTOR","hsa05163"
"NFKB1","hsa05163"
"NFKBIA","hsa05163"
"PIK3CA","hsa05163"
"PIK3R1","hsa05163"
"PIK3R2","hsa05163"
"PTK2","hsa05163"
"PTK2B","hsa05163"
"RAC1","hsa05163"
"RELA","hsa05163"
"RHOA","hsa05163"
"SRC","hsa05163"
"TNF","hsa05163"
"TP53","hsa05163"
"AKT1","hsa04012"
"CRK","hsa04012"
"CRKL","hsa04012"
"EGF","hsa04012"
"EGFR","hsa04012"
"ERBB2","hsa04012"
"ERBB3","hsa04012"
"GRB2","hsa04012"
"MTOR","hsa04012"
"NCK1","hsa04012"
"NRG1","hsa04012"
"NRG2","hsa04012"
"PIK3CA","hsa04012"
"PIK3R1","hsa04012"
"PIK3R2","hsa04012"
"PLCG1","hsa04012"
"PTK2","hsa04012"
"SHC1","hsa04012"
"SRC","hsa04012"
"AKT1","hsa05212"
"BRCA2","hsa05212"
"CDC42","hsa05212"
"CHUK","hsa05212"
"EGF","hsa05212"
"EGFR","hsa05212"
"ERBB2","hsa05212"
"IKBKB","hsa05212"
"IKBKG","hsa05212"
"MTOR","hsa05212"
"NFKB1","hsa05212"
"PIK3CA","hsa05212"
"PIK3R1","hsa05212"
"PIK3R2","hsa05212"
"RAC1","hsa05212"
"RELA","hsa05212"
"TGFBR1","hsa05212"
"TP53","hsa05212"
"AKT1","hsa04151"
"CHUK","hsa04151"
"COL6A1","hsa04151"
"COL6A2","hsa04151"
"COL6A3","hsa04151"
"DDIT4","hsa04151"
"EGF","hsa04151"
"EGFR","hsa04151"
"EPHA2","hsa04151"
"ERBB2","hsa04151"
"ERBB3","hsa04151"
"FLT3","hsa04151"
"FLT3LG","hsa04151"
"FOXO3","hsa04151"
"GRB2","hsa04151"
"IKBKB","hsa04151"
"IKBKG","hsa04151"
"ITGA8","hsa04151"
"JAK2","hsa04151"
"MDM2","hsa04151"
"MTOR","hsa04151"
"NFKB1","hsa04151"
"PDGFA","hsa04151"
"PDGFB","hsa04151"
"PDGFD","hsa04151"
"PDGFRB","hsa04151"
"PDPK1","hsa04151"
"PIK3CA","hsa04151"
"PIK3R1","hsa04151"
"PIK3R2","hsa04151"
"PTEN","hsa04151"
"PTK2","hsa04151"
"RAC1","hsa04151"
"RELA","hsa04151"
"SGK1","hsa04151"
"TP53","hsa04151"
"ACTB","hsa05205"
"AKT1","hsa05205"
"ARHGEF12","hsa05205"
"CD44","hsa05205"
"CDC42","hsa05205"
"EGFR","hsa05205"
"ERBB2","hsa05205"
"ERBB3","hsa05205"
"EZR","hsa05205"
"GRB2","hsa05205"
"MDM2","hsa05205"
"MTOR","hsa05205"
"PDPK1","hsa05205"
"PIK3CA","hsa05205"
"PIK3R1","hsa05205"
"PIK3R2","hsa05205"
"PLCG1","hsa05205"
"PTK2","hsa05205"
"PTPN11","hsa05205"
"RAC1","hsa05205"
"RHOA","hsa05205"
"SHH","hsa05205"
"SLC9A1","hsa05205"
"SMO","hsa05205"
"SRC","hsa05205"
"TNF","hsa05205"
"TP53","hsa05205"
"AKT1","hsa04014"
"CDC42","hsa04014"
"CHUK","hsa04014"
"EGF","hsa04014"
"EGFR","hsa04014"
"EPHA2","hsa04014"
"FLT3","hsa04014"
"FLT3LG","hsa04014"
"FOXO4","hsa04014"
"GRB2","hsa04014"
"IKBKB","hsa04014"
"IKBKG","hsa04014"
"NFKB1","hsa04014"
"PDGFA","hsa04014"
"PDGFB","hsa04014"
"PDGFD","hsa04014"
"PDGFRB","hsa04014"
"PIK3CA","hsa04014"
"PIK3R1","hsa04014"
"PIK3R2","hsa04014"
"PLCG1","hsa04014"
"PTPN11","hsa04014"
"RAC1","hsa04014"
"RASA1","hsa04014"
"RASGRP3","hsa04014"
"REL","hsa04014"
"RELA","hsa04014"
"RHOA","hsa04014"
"SHC1","hsa04014"
"AKT1","hsa04722"
"ARHGDIA","hsa04722"
"CDC42","hsa04722"
"CRK","hsa04722"
"CRKL","hsa04722"
"FOXO3","hsa04722"
"GRB2","hsa04722"
"IKBKB","hsa04722"
"NFKB1","hsa04722"
"NFKBIA","hsa04722"
"PDPK1","hsa04722"
"PIK3CA","hsa04722"
"PIK3R1","hsa04722"
"PIK3R2","hsa04722"
"PLCG1","hsa04722"
"PTPN11","hsa04722"
"RAC1","hsa04722"
"RELA","hsa04722"
"RHOA","hsa04722"
"SHC1","hsa04722"
"TP53","hsa04722"
"ACTB","hsa04810"
"AKT1","hsa04810"
"ARHGEF12","hsa04810"
"BCAR1","hsa04810"
"CDC42","hsa04810"
"CRK","hsa04810"
"CRKL","hsa04810"
"CXCL12","hsa04810"
"CXCR4","hsa04810"
"DOCK1","hsa04810"
"EGF","hsa04810"
"EGFR","hsa04810"
"EZR","hsa04810"
"ITGA8","hsa04810"
"MYH9","hsa04810"
"PDGFA","hsa04810"
"PDGFB","hsa04810"
"PDGFD","hsa04810"
"PDGFRB","hsa04810"
"PIK3CA","hsa04810"
"PIK3R1","hsa04810"
"PIK3R2","hsa04810"
"PTK2","hsa04810"
"RAC1","hsa04810"
"RHOA","hsa04810"
"SLC9A1","hsa04810"
"SRC","hsa04810"
"WASL","hsa04810"
"AKT1","hsa05235"
"CD4","hsa05235"
"CHUK","hsa05235"
"EGF","hsa05235"
"EGFR","hsa05235"
"IKBKB","hsa05235"
"IKBKG","hsa05235"
"JAK2","hsa05235"
"MTOR","hsa05235"
"NFKB1","hsa05235"
"NFKBIA","hsa05235"
"PIK3CA","hsa05235"
"PIK3R1","hsa05235"
"PIK3R2","hsa05235"
"PLCG1","hsa05235"
"PTEN","hsa05235"
"PTPN11","hsa05235"
"RELA","hsa05235"
"AKT1","hsa04010"
"ARRB2","hsa04010"
"CDC42","hsa04010"
"CHUK","hsa04010"
"CRK","hsa04010"
"CRKL","hsa04010"
"EGF","hsa04010"
"EGFR","hsa04010"
"EPHA2","hsa04010"
"ERBB2","hsa04010"
"ERBB3","hsa04010"
"FLT3","hsa04010"
"FLT3LG","hsa04010"
"GRB2","hsa04010"
"IKBKB","hsa04010"
"IKBKG","hsa04010"
"MAP4K4","hsa04010"
"NFKB1","hsa04010"
"PDGFA","hsa04010"
"PDGFB","hsa04010"
"PDGFD","hsa04010"
"PDGFRB","hsa04010"
"RAC1","hsa04010"
"RASA1","hsa04010"
"RASGRP3","hsa04010"
"RELA","hsa04010"
"RELB","hsa04010"
"STK3","hsa04010"
"TGFBR1","hsa04010"
"TNF","hsa04010"
"TP53","hsa04010"
"ACTB","hsa05132"
"AKT1","hsa05132"
"ANXA2","hsa05132"
"CDC42","hsa05132"
"CHUK","hsa05132"
"DYNLL1","hsa05132"
"ELMO1","hsa05132"
"ELMO2","hsa05132"
"EXOC7","hsa05132"
"IKBKB","hsa05132"
"IKBKG","hsa05132"
"KIF5A","hsa05132"
"KIF5B","hsa05132"
"KLC1","hsa05132"
"KLC2","hsa05132"
"KLC4","hsa05132"
"NFKB1","hsa05132"
"NFKBIA","hsa05132"
"PIK3CA","hsa05132"
"PODXL","hsa05132"
"PTPRC","hsa05132"
"RAC1","hsa05132"
"RELA","hsa05132"
"RHOA","hsa05132"
"RHOG","hsa05132"
"SKP1","hsa05132"
"TNF","hsa05132"
"WASL","hsa05132"
"ARHGEF12","hsa04360"
"CDC42","hsa04360"
"CDK5","hsa04360"
"CXCL12","hsa04360"
"CXCR4","hsa04360"
"EPHA2","hsa04360"
"FYN","hsa04360"
"NCK1","hsa04360"
"PDPK1","hsa04360"
"PIK3CA","hsa04360"
"PIK3R1","hsa04360"
"PIK3R2","hsa04360"
"PLCG1","hsa04360"
"PLXNB1","hsa04360"
"PTK2","hsa04360"
"PTPN11","hsa04360"
"RAC1","hsa04360"
"RASA1","hsa04360"
"RHOA","hsa04360"
"RND1","hsa04360"
"SEMA4D","hsa04360"
"SHH","hsa04360"
"SMO","hsa04360"
"SRC","hsa04360"
"ACTB","hsa05418"
"ACVR2B","hsa05418"
"AKT1","hsa05418"
"CHUK","hsa05418"
"ICAM1","hsa05418"
"IKBKB","hsa05418"
"IKBKG","hsa05418"
"NFKB1","hsa05418"
"PDGFA","hsa05418"
"PDGFB","hsa05418"
"PIK3CA","hsa05418"
"PIK3R1","hsa05418"
"PIK3R2","hsa05418"
"PTK2","hsa05418"
"RAC1","hsa05418"
"RELA","hsa05418"
"RHOA","hsa05418"
"SRC","hsa05418"
"TNF","hsa05418"
"TP53","hsa05418"
"VCAM1","hsa05418"
"AKT1","hsa05214"
"EGF","hsa05214"
"EGFR","hsa05214"
"GRB2","hsa05214"
"MDM2","hsa05214"
"MTOR","hsa05214"
"PDGFA","hsa05214"
"PDGFB","hsa05214"
"PDGFRB","hsa05214"
"PIK3CA","hsa05214"
"PIK3R1","hsa05214"
"PIK3R2","hsa05214"
"PLCG1","hsa05214"
"PTEN","hsa05214"
"SHC1","hsa05214"
"TP53","hsa05214"
"CCNA2","hsa04110"
"CDC45","hsa04110"
"CDC6","hsa04110"
"CDC7","hsa04110"
"CDT1","hsa04110"
"DBF4","hsa04110"
"HDAC1","hsa04110"
"MCM2","hsa04110"
"MCM3","hsa04110"
"MCM4","hsa04110"
"MCM5","hsa04110"
"MCM6","hsa04110"
"MCM7","hsa04110"
"MDM2","hsa04110"
"ORC1","hsa04110"
"ORC2","hsa04110"
"ORC3","hsa04110"
"ORC4","hsa04110"
"ORC5","hsa04110"
"ORC6","hsa04110"
"SKP1","hsa04110"
"TP53","hsa04110"
"AKT1","hsa05231"
"EGF","hsa05231"
"EGFR","hsa05231"
"GRB2","hsa05231"
"MTOR","hsa05231"
"PDGFA","hsa05231"
"PDGFB","hsa05231"
"PDGFD","hsa05231"
"PDGFRB","hsa05231"
"PDPK1","hsa05231"
"PIK3CA","hsa05231"
"PIK3R1","hsa05231"
"PIK3R2","hsa05231"
"PLCG1","hsa05231"
"RAC1","hsa05231"
"SLC44A1","hsa05231"
"WAS","hsa05231"
"AKT1","hsa04625"
"ARHGEF12","hsa04625"
"CHUK","hsa04625"
"IKBKB","hsa04625"
"IKBKG","hsa04625"
"MDM2","hsa04625"
"NFKB1","hsa04625"
"NFKBIA","hsa04625"
"PIK3CA","hsa04625"
"PIK3R1","hsa04625"
"PIK3R2","hsa04625"
"PTPN11","hsa04625"
"RELA","hsa04625"
"RELB","hsa04625"
"RHOA","hsa04625"
"SRC","hsa04625"
"TNF","hsa04625"
"ADIPOQ","hsa04920"
"ADIPOR2","hsa04920"
"AKT1","hsa04920"
"APPL1","hsa04920"
"CHUK","hsa04920"
"IKBKB","hsa04920"
"IKBKG","hsa04920"
"JAK2","hsa04920"
"MTOR","hsa04920"
"NFKB1","hsa04920"
"NFKBIA","hsa04920"
"PTPN11","hsa04920"
"RELA","hsa04920"
"TNF","hsa04920"
"ACTB","hsa04015"
"ADORA2A","hsa04015"
"AKT1","hsa04015"
"BCAR1","hsa04015"
"CDC42","hsa04015"
"CRK","hsa04015"
"CRKL","hsa04015"
"EGF","hsa04015"
"EGFR","hsa04015"
"EPHA2","hsa04015"
"GNAQ","hsa04015"
"PDGFA","hsa04015"
"PDGFB","hsa04015"
"PDGFD","hsa04015"
"PDGFRB","hsa04015"
"PIK3CA","hsa04015"
"PIK3R1","hsa04015"
"PIK3R2","hsa04015"
"PLCG1","hsa04015"
"RAC1","hsa04015"
"RASGRP3","hsa04015"
"RHOA","hsa04015"
"SRC","hsa04015"
"AKT1","hsa05170"
"BTRC","hsa05170"
"CD4","hsa05170"
"CHUK","hsa05170"
"CRK","hsa05170"
"CRKL","hsa05170"
"CXCR4","hsa05170"
"GNAQ","hsa05170"
"IKBKB","hsa05170"
"IKBKG","hsa05170"
"MTOR","hsa05170"
"NFKB1","hsa05170"
"NFKBIA","hsa05170"
"PIK3CA","hsa05170"
"PIK3R1","hsa05170"
"PIK3R2","hsa05170"
"PLCG1","hsa05170"
"PTK2","hsa05170"
"PTK2B","hsa05170"
"RAC1","hsa05170"
"RELA","hsa05170"
"SKP1","hsa05170"
"TNF","hsa05170"
"AKT1","hsa05223"
"EGF","hsa05223"
"EGFR","hsa05223"
"ERBB2","hsa05223"
"FOXO3","hsa05223"
"GRB2","hsa05223"
"KIF5A","hsa05223"
"KIF5B","hsa05223"
"PDPK1","hsa05223"
"PIK3CA","hsa05223"
"PIK3R1","hsa05223"
"PIK3R2","hsa05223"
"PLCG1","hsa05223"
"TP53","hsa05223"
"ACTB","hsa04670"
"BCAR1","hsa04670"
"CDC42","hsa04670"
"CXCL12","hsa04670"
"CXCR4","hsa04670"
"EZR","hsa04670"
"ICAM1","hsa04670"
"PIK3CA","hsa04670"
"PIK3R1","hsa04670"
"PIK3R2","hsa04670"
"PLCG1","hsa04670"
"PTK2","hsa04670"
"PTK2B","hsa04670"
"PTPN11","hsa04670"
"RAC1","hsa04670"
"RHOA","hsa04670"
"VCAM1","hsa04670"
"CD44","hsa05206"
"CRK","hsa05206"
"CRKL","hsa05206"
"DDIT4","hsa05206"
"EGFR","hsa05206"
"ERBB2","hsa05206"
"ERBB3","hsa05206"
"EZH2","hsa05206"
"EZR","hsa05206"
"GRB2","hsa05206"
"HDAC1","hsa05206"
"IKBKB","hsa05206"
"KIF23","hsa05206"
"MDM2","hsa05206"
"MTOR","hsa05206"
"NFKB1","hsa05206"
"PDGFA","hsa05206"
"PDGFB","hsa05206"
"PDGFRB","hsa05206"
"PIK3CA","hsa05206"
"PIK3R1","hsa05206"
"PIK3R2","hsa05206"
"PLCG1","hsa05206"
"PTEN","hsa05206"
"RHOA","hsa05206"
"SHC1","hsa05206"
"SIRT1","hsa05206"
"TP53","hsa05206"
"AKT1","hsa04068"
"CHUK","hsa04068"
"EGF","hsa04068"
"EGFR","hsa04068"
"FOXO3","hsa04068"
"FOXO4","hsa04068"
"GRB2","hsa04068"
"HOMER3","hsa04068"
"IKBKB","hsa04068"
"MDM2","hsa04068"
"PDPK1","hsa04068"
"PIK3CA","hsa04068"
"PIK3R1","hsa04068"
"PIK3R2","hsa04068"
"PTEN","hsa04068"
"SGK1","hsa04068"
"SIRT1","hsa04068"
"TGFBR1","hsa04068"
"AKT1","hsa05221"
"CCNA2","hsa05221"
"CHUK","hsa05221"
"FLT3","hsa05221"
"GRB2","hsa05221"
"IKBKB","hsa05221"
"IKBKG","hsa05221"
"MTOR","hsa05221"
"NFKB1","hsa05221"
"PIK3CA","hsa05221"
"PIK3R1","hsa05221"
"PIK3R2","hsa05221"
"RELA","hsa05221"
"CYP51A1","hsa00100"
"FDFT1","hsa00100"
"HSD17B7","hsa00100"
"LSS","hsa00100"
"MSMO1","hsa00100"
"NSDHL","hsa00100"
"SC5D","hsa00100"
"SQLE","hsa00100"
"AKT1","hsa05417"
"CDC42","hsa05417"
"CHUK","hsa05417"
"ICAM1","hsa05417"
"IKBKB","hsa05417"
"IKBKG","hsa05417"
"JAK2","hsa05417"
"NFKB1","hsa05417"
"NFKBIA","hsa05417"
"PDPK1","hsa05417"
"PIK3CA","hsa05417"
"PIK3R1","hsa05417"
"PIK3R2","hsa05417"
"PLCG1","hsa05417"
"PTK2","hsa05417"
"RAC1","hsa05417"
"RELA","hsa05417"
"RHOA","hsa05417"
"SRC","hsa05417"
"TNF","hsa05417"
"TP53","hsa05417"
"VCAM1","hsa05417"
"AKT1","hsa05213"
"EGF","hsa05213"
"EGFR","hsa05213"
"ERBB2","hsa05213"
"FOXO3","hsa05213"
"GRB2","hsa05213"
"PDPK1","hsa05213"
"PIK3CA","hsa05213"
"PIK3R1","hsa05213"
"PIK3R2","hsa05213"
"PTEN","hsa05213"
"TP53","hsa05213"
"AKT1","hsa05218"
"EGF","hsa05218"
"EGFR","hsa05218"
"MDM2","hsa05218"
"PDGFA","hsa05218"
"PDGFB","hsa05218"
"PDGFD","hsa05218"
"PDGFRB","hsa05218"
"PIK3CA","hsa05218"
"PIK3R1","hsa05218"
"PIK3R2","hsa05218"
"PTEN","hsa05218"
"TP53","hsa05218"
"AKT1","hsa04933"
"CDC42","hsa04933"
"COL3A1","hsa04933"
"ICAM1","hsa04933"
"JAK2","hsa04933"
"NFKB1","hsa04933"
"PIK3CA","hsa04933"
"PIK3R1","hsa04933"
"PIK3R2","hsa04933"
"PLCG1","hsa04933"
"RAC1","hsa04933"
"RELA","hsa04933"
"TGFBR1","hsa04933"
"TNF","hsa04933"
"VCAM1","hsa04933"
"AKT1","hsa04072"
"EGF","hsa04072"
"EGFR","hsa04072"
"FYN","hsa04072"
"GRB2","hsa04072"
"MTOR","hsa04072"
"PDGFA","hsa04072"
"PDGFB","hsa04072"
"PDGFD","hsa04072"
"PDGFRB","hsa04072"
"PIK3CA","hsa04072"
"PIK3R1","hsa04072"
"PIK3R2","hsa04072"
"PLCG1","hsa04072"
"PTK2B","hsa04072"
"PTPN11","hsa04072"
"RHOA","hsa04072"
"SHC1","hsa04072"
"AKT1","hsa05165"
"CCNA2","hsa05165"
"CDC42","hsa05165"
"CHUK","hsa05165"
"COL6A1","hsa05165"
"COL6A2","hsa05165"
"COL6A3","hsa05165"
"DLG1","hsa05165"
"EGF","hsa05165"
"EGFR","hsa05165"
"GRB2","hsa05165"
"HDAC1","hsa05165"
"IKBKB","hsa05165"
"IKBKG","hsa05165"
"ITGA8","hsa05165"
"MDM2","hsa05165"
"MTOR","hsa05165"
"NFKB1","hsa05165"
"PDGFRB","hsa05165"
"PIK3CA","hsa05165"
"PIK3R1","hsa05165"
"PIK3R2","hsa05165"
"PTEN","hsa05165"
"PTK2","hsa05165"
"RELA","hsa05165"
"TNF","hsa05165"
"TP53","hsa05165"
"AKT1","hsa04662"
"CHUK","hsa04662"
"GRB2","hsa04662"
"IKBKB","hsa04662"
"IKBKG","hsa04662"
"INPPL1","hsa04662"
"NFKB1","hsa04662"
"NFKBIA","hsa04662"
"PIK3CA","hsa04662"
"PIK3R1","hsa04662"
"PIK3R2","hsa04662"
"RAC1","hsa04662"
"RASGRP3","hsa04662"
"RELA","hsa04662"
"AKT1","hsa05161"
"CCNA2","hsa05161"
"CHUK","hsa05161"
"GRB2","hsa05161"
"IKBKB","hsa05161"
"IKBKG","hsa05161"
"JAK2","hsa05161"
"NFKB1","hsa05161"
"NFKBIA","hsa05161"
"PIK3CA","hsa05161"
"PIK3R1","hsa05161"
"PIK3R2","hsa05161"
"PTK2B","hsa05161"
"RELA","hsa05161"
"SRC","hsa05161"
"TGFBR1","hsa05161"
"TNF","hsa05161"
"TP53","hsa05161"
"ACTB","hsa05130"
"ARHGEF11","hsa05130"
"ARHGEF12","hsa05130"
"CDC42","hsa05130"
"CHUK","hsa05130"
"EZR","hsa05130"
"FYN","hsa05130"
"IKBKB","hsa05130"
"IKBKG","hsa05130"
"MYH9","hsa05130"
"NCK1","hsa05130"
"NFKB1","hsa05130"
"NFKBIA","hsa05130"
"PTPN11","hsa05130"
"RAC1","hsa05130"
"RELA","hsa05130"
"RHOA","hsa05130"
"SRC","hsa05130"
"TNF","hsa05130"
"WASL","hsa05130"
"AKT1","hsa01522"
"EGFR","hsa01522"
"ERBB2","hsa01522"
"GPER1","hsa01522"
"GRB2","hsa01522"
"MDM2","hsa01522"
"MTOR","hsa01522"
"PIK3CA","hsa01522"
"PIK3R1","hsa01522"
"PIK3R2","hsa01522"
"PTK2","hsa01522"
"SHC1","hsa01522"
"SRC","hsa01522"
"TP53","hsa01522"
"CDC42","hsa05120"
"CHUK","hsa05120"
"EGFR","hsa05120"
"IKBKB","hsa05120"
"IKBKG","hsa05120"
"NFKB1","hsa05120"
"NFKBIA","hsa05120"
"PLCG1","hsa05120"
"PTPN11","hsa05120"
"RAC1","hsa05120"
"RELA","hsa05120"
"SRC","hsa05120"
"AKT1","hsa05210"
"APPL1","hsa05210"
"EGF","hsa05210"
"EGFR","hsa05210"
"GRB2","hsa05210"
"MTOR","hsa05210"
"PIK3CA","hsa05210"
"PIK3R1","hsa05210"
"PIK3R2","hsa05210"
"RAC1","hsa05210"
"RHOA","hsa05210"
"TGFBR1","hsa05210"
"TP53","hsa05210"
"AKT1","hsa04910"
"CRK","hsa04910"
"CRKL","hsa04910"
"EXOC7","hsa04910"
"GRB2","hsa04910"
"IKBKB","hsa04910"
"INPPL1","hsa04910"
"MTOR","hsa04910"
"PDPK1","hsa04910"
"PIK3CA","hsa04910"
"PIK3R1","hsa04910"
"PIK3R2","hsa04910"
"RHOQ","hsa04910"
"SHC1","hsa04910"
"SREBF1","hsa04910"
"TRIP10","hsa04910"
"ADIPOQ","hsa04211"
"ADIPOR2","hsa04211"
"AKT1","hsa04211"
"APPL1","hsa04211"
"FOXO3","hsa04211"
"MTOR","hsa04211"
"NFKB1","hsa04211"
"PIK3CA","hsa04211"
"PIK3R1","hsa04211"
"PIK3R2","hsa04211"
"RELA","hsa04211"
"SIRT1","hsa04211"
"TP53","hsa04211"
"AKT1","hsa05167"
"CHUK","hsa05167"
"ICAM1","hsa05167"
"IKBKB","hsa05167"
"IKBKG","hsa05167"
"JAK2","hsa05167"
"MTOR","hsa05167"
"NFKB1","hsa05167"
"NFKBIA","hsa05167"
"PDGFB","hsa05167"
"PIK3CA","hsa05167"
"PIK3R1","hsa05167"
"PIK3R2","hsa05167"
"PLCG1","hsa05167"
"PREX1","hsa05167"
"RAC1","hsa05167"
"RELA","hsa05167"
"SRC","hsa05167"
"TP53","hsa05167"
"AKT1","hsa05222"
"CHUK","hsa05222"
"IKBKB","hsa05222"
"IKBKG","hsa05222"
"NFKB1","hsa05222"
"NFKBIA","hsa05222"
"PIK3CA","hsa05222"
"PIK3R1","hsa05222"
"PIK3R2","hsa05222"
"PTEN","hsa05222"
"PTK2","hsa05222"
"RELA","hsa05222"
"TP53","hsa05222"
"AKT1","hsa04380"
"CHUK","hsa04380"
"FYN","hsa04380"
"GRB2","hsa04380"
"IKBKB","hsa04380"
"IKBKG","hsa04380"
"NFKB1","hsa04380"
"NFKBIA","hsa04380"
"PIK3CA","hsa04380"
"PIK3R1","hsa04380"
"PIK3R2","hsa04380"
"RAC1","hsa04380"
"RELA","hsa04380"
"RELB","hsa04380"
"TGFBR1","hsa04380"
"TNF","hsa04380"
"AKT1","hsa04931"
"IKBKB","hsa04931"
"MTOR","hsa04931"
"NFKB1","hsa04931"
"NFKBIA","hsa04931"
"PDPK1","hsa04931"
"PIK3CA","hsa04931"
"PIK3R1","hsa04931"
"PIK3R2","hsa04931"
"PTEN","hsa04931"
"PTPN11","hsa04931"
"RELA","hsa04931"
"SREBF1","hsa04931"
"TNF","hsa04931"
"AKT1","hsa05169"
"CCNA2","hsa05169"
"CD44","hsa05169"
"CHUK","hsa05169"
"HDAC1","hsa05169"
"ICAM1","hsa05169"
"IKBKB","hsa05169"
"IKBKG","hsa05169"
"MDM2","hsa05169"
"NFKB1","hsa05169"
"NFKBIA","hsa05169"
"PIK3CA","hsa05169"
"PIK3R1","hsa05169"
"PIK3R2","hsa05169"
"RAC1","hsa05169"
"RELA","hsa05169"
"RELB","hsa05169"
"TNF","hsa05169"
"TP53","hsa05169"
"AKT1","hsa05208"
"CHUK","hsa05208"
"EGF","hsa05208"
"EGFR","hsa05208"
"FOXO3","hsa05208"
"GRB2","hsa05208"
"IKBKB","hsa05208"
"IKBKG","hsa05208"
"NFKB1","hsa05208"
"NFKBIA","hsa05208"
"PDPK1","hsa05208"
"PIK3CA","hsa05208"
"PIK3R1","hsa05208"
"PIK3R2","hsa05208"
"PTEN","hsa05208"
"PTK2","hsa05208"
"PTPN11","hsa05208"
"RAC1","hsa05208"
"RELA","hsa05208"
"SRC","hsa05208"
"AKT1","hsa04666"
"CDC42","hsa04666"
"CRK","hsa04666"
"CRKL","hsa04666"
"DOCK1","hsa04666"
"INPPL1","hsa04666"
"PIK3CA","hsa04666"
"PIK3R1","hsa04666"
"PIK3R2","hsa04666"
"PLCG1","hsa04666"
"PTPRC","hsa04666"
"RAC1","hsa04666"
"WAS","hsa04666"
"AKT1","hsa05211"
"CDC42","hsa05211"
"CRK","hsa05211"
"CRKL","hsa05211"
"GRB2","hsa05211"
"PDGFB","hsa05211"
"PIK3CA","hsa05211"
"PIK3R1","hsa05211"
"PIK3R2","hsa05211"
"PTPN11","hsa05211"
"RAC1","hsa05211"
"AKT1","hsa04917"
"FOXO3","hsa04917"
"GRB2","hsa04917"
"JAK2","hsa04917"
"NFKB1","hsa04917"
"PIK3CA","hsa04917"
"PIK3R1","hsa04917"
"PIK3R2","hsa04917"
"RELA","hsa04917"
"SHC1","hsa04917"
"SRC","hsa04917"
"AKT1","hsa05230"
"EGFR","hsa05230"
"ERBB2","hsa05230"
"FLT3","hsa05230"
"MTOR","hsa05230"
"PDGFRB","hsa05230"
"PIK3CA","hsa05230"
"PIK3R1","hsa05230"
"PIK3R2","hsa05230"
"PTEN","hsa05230"
"TP53","hsa05230"
"AKT1","hsa04668"
"CHUK","hsa04668"
"ICAM1","hsa04668"
"IKBKB","hsa04668"
"IKBKG","hsa04668"
"ITCH","hsa04668"
"NFKB1","hsa04668"
"NFKBIA","hsa04668"
"PIK3CA","hsa04668"
"PIK3R1","hsa04668"
"PIK3R2","hsa04668"
"RELA","hsa04668"
"TNF","hsa04668"
"VCAM1","hsa04668"
"AKT1","hsa05142"
"CHUK","hsa05142"
"GNAQ","hsa05142"
"IKBKB","hsa05142"
"IKBKG","hsa05142"
"NFKB1","hsa05142"
"NFKBIA","hsa05142"
"PIK3CA","hsa05142"
"PIK3R1","hsa05142"
"PIK3R2","hsa05142"
"RELA","hsa05142"
"TGFBR1","hsa05142"
"TNF","hsa05142"
"AKT1","hsa04150"
"CHUK","hsa04150"
"DDIT4","hsa04150"
"GRB2","hsa04150"
"IKBKB","hsa04150"
"MAPKAP1","hsa04150"
"MTOR","hsa04150"
"PDPK1","hsa04150"
"PIK3CA","hsa04150"
"PIK3R1","hsa04150"
"PIK3R2","hsa04150"
"PTEN","hsa04150"
"RHOA","hsa04150"
"RICTOR","hsa04150"
"SGK1","hsa04150"
"TNF","hsa04150"
"AKT1","hsa04071"
"FYN","hsa04071"
"GNAQ","hsa04071"
"NFKB1","hsa04071"
"PDPK1","hsa04071"
"PIK3CA","hsa04071"
"PIK3R1","hsa04071"
"PIK3R2","hsa04071"
"PTEN","hsa04071"
"RAC1","hsa04071"
"RELA","hsa04071"
"RHOA","hsa04071"
"TNF","hsa04071"
"TP53","hsa04071"
"ADIPOQ","hsa04152"
"ADIPOR2","hsa04152"
"AKT1","hsa04152"
"CCNA2","hsa04152"
"CFTR","hsa04152"
"FOXO3","hsa04152"
"MTOR","hsa04152"
"PDPK1","hsa04152"
"PIK3CA","hsa04152"
"PIK3R1","hsa04152"
"PIK3R2","hsa04152"
"SCD","hsa04152"
"SIRT1","hsa04152"
"SREBF1","hsa04152"
"AKT1","hsa04935"
"BCAR1","hsa04935"
"CRK","hsa04935"
"CRKL","hsa04935"
"GNAQ","hsa04935"
"GRB2","hsa04935"
"JAK2","hsa04935"
"MTOR","hsa04935"
"PIK3CA","hsa04935"
"PIK3R1","hsa04935"
"PIK3R2","hsa04935"
"PLCG1","hsa04935"
"PTK2","hsa04935"
"SHC1","hsa04935"
"AKT1","hsa05168"
"CD74","hsa05168"
"CHUK","hsa05168"
"IKBKB","hsa05168"
"IKBKG","hsa05168"
"JAK2","hsa05168"
"MTOR","hsa05168"
"NFKB1","hsa05168"
"NFKBIA","hsa05168"
"PIK3CA","hsa05168"
"PIK3R1","hsa05168"
"PIK3R2","hsa05168"
"PTPN11","hsa05168"
"RELA","hsa05168"
"SRC","hsa05168"
"TNF","hsa05168"
"TP53","hsa05168"
"AKT1","hsa05166"
"CCNA2","hsa05166"
"CD4","hsa05166"
"CHUK","hsa05166"
"DLG1","hsa05166"
"ICAM1","hsa05166"
"IKBKB","hsa05166"
"IKBKG","hsa05166"
"NFKB1","hsa05166"
"NFKBIA","hsa05166"
"PIK3CA","hsa05166"
"PIK3R1","hsa05166"
"PIK3R2","hsa05166"
"PTEN","hsa05166"
"RELA","hsa05166"
"RELB","hsa05166"
"TGFBR1","hsa05166"
"TNF","hsa05166"
"TP53","hsa05166"
"ACTB","hsa04520"
"CDC42","hsa04520"
"EGFR","hsa04520"
"ERBB2","hsa04520"
"FYN","hsa04520"
"RAC1","hsa04520"
"RHOA","hsa04520"
"SRC","hsa04520"
"TGFBR1","hsa04520"
"WAS","hsa04520"
"WASL","hsa04520"
"YES1","hsa04520"
"CCNA2","hsa05203"
"CDC42","hsa05203"
"DLG1","hsa05203"
"GRB2","hsa05203"
"HDAC1","hsa05203"
"IKBKG","hsa05203"
"MDM2","hsa05203"
"NFKB1","hsa05203"
"NFKBIA","hsa05203"
"PIK3CA","hsa05203"
"PIK3R1","hsa05203"
"PIK3R2","hsa05203"
"RAC1","hsa05203"
"REL","hsa05203"
"RELA","hsa05203"
"RHOA","hsa05203"
"SRC","hsa05203"
"TP53","hsa05203"
"AKT1","hsa04066"
"EGF","hsa04066"
"EGFR","hsa04066"
"ERBB2","hsa04066"
"MTOR","hsa04066"
"NFKB1","hsa04066"
"PIK3CA","hsa04066"
"PIK3R1","hsa04066"
"PIK3R2","hsa04066"
"PLCG1","hsa04066"
"RELA","hsa04066"
"TF","hsa04066"
"TFRC","hsa04066"
"AKT1","hsa04926"
"ARRB2","hsa04926"
"COL3A1","hsa04926"
"EGFR","hsa04926"
"GRB2","hsa04926"
"NFKB1","hsa04926"
"NFKBIA","hsa04926"
"PIK3CA","hsa04926"
"PIK3R1","hsa04926"
"PIK3R2","hsa04926"
"RELA","hsa04926"
"SHC1","hsa04926"
"SRC","hsa04926"
"TGFBR1","hsa04926"
"ACTB","hsa04210"
"AKT1","hsa04210"
"CHUK","hsa04210"
"IKBKB","hsa04210"
"IKBKG","hsa04210"
"NFKB1","hsa04210"
"NFKBIA","hsa04210"
"PDPK1","hsa04210"
"PIK3CA","hsa04210"
"PIK3R1","hsa04210"
"PIK3R2","hsa04210"
"RELA","hsa04210"
"TNF","hsa04210"
"TP53","hsa04210"
"AKT1","hsa04664"
"FYN","hsa04664"
"GRB2","hsa04664"
"PDPK1","hsa04664"
"PIK3CA","hsa04664"
"PIK3R1","hsa04664"
"PIK3R2","hsa04664"
"PLCG1","hsa04664"
"RAC1","hsa04664"
"TNF","hsa04664"
"AKT1","hsa04218"
"BTRC","hsa04218"
"CCNA2","hsa04218"
"FOXO3","hsa04218"
"MDM2","hsa04218"
"MTOR","hsa04218"
"NFKB1","hsa04218"
"PIK3CA","hsa04218"
"PIK3R1","hsa04218"
"PIK3R2","hsa04218"
"PTEN","hsa04218"
"RELA","hsa04218"
"SIRT1","hsa04218"
"TGFBR1","hsa04218"
"TP53","hsa04218"
"AKT1","hsa05160"
"CHUK","hsa05160"
"EGF","hsa05160"
"EGFR","hsa05160"
"GRB2","hsa05160"
"IKBKB","hsa05160"
"IKBKG","hsa05160"
"NFKB1","hsa05160"
"NFKBIA","hsa05160"
"PIK3CA","hsa05160"
"PIK3R1","hsa05160"
"PIK3R2","hsa05160"
"RELA","hsa05160"
"TNF","hsa05160"
"TP53","hsa05160"
"ACTB","hsa04919"
"AKT1","hsa04919"
"HDAC1","hsa04919"
"MDM2","hsa04919"
"MTOR","hsa04919"
"PDPK1","hsa04919"
"PIK3CA","hsa04919"
"PIK3R1","hsa04919"
"PIK3R2","hsa04919"
"PLCG1","hsa04919"
"SLC9A1","hsa04919"
"SRC","hsa04919"
"TP53","hsa04919"
"CHUK","hsa04064"
"CXCL12","hsa04064"
"ICAM1","hsa04064"
"IKBKB","hsa04064"
"IKBKG","hsa04064"
"NFKB1","hsa04064"
"NFKBIA","hsa04064"
"PLCG1","hsa04064"
"RELA","hsa04064"
"RELB","hsa04064"
"TNF","hsa04064"
"VCAM1","hsa04064"
"ADIPOQ","hsa04936"
"ADIPOR2","hsa04936"
"AKT1","hsa04936"
"CHUK","hsa04936"
"FOXO3","hsa04936"
"IKBKB","hsa04936"
"IKBKG","hsa04936"
"NFKB1","hsa04936"
"NFKBIA","hsa04936"
"RELA","hsa04936"
"SCD","hsa04936"
"SIRT1","hsa04936"
"SREBF1","hsa04936"
"TNF","hsa04936"
"ARAP1","hsa04144"
"ARRB2","hsa04144"
"CDC42","hsa04144"
"CXCR4","hsa04144"
"EGFR","hsa04144"
"EHD1","hsa04144"
"ITCH","hsa04144"
"KIF5A","hsa04144"
"KIF5B","hsa04144"
"LDLRAP1","hsa04144"
"MDM2","hsa04144"
"NEDD4L","hsa04144"
"PSD4","hsa04144"
"RHOA","hsa04144"
"RNF41","hsa04144"
"SRC","hsa04144"
"TFRC","hsa04144"
"TGFBR1","hsa04144"
"WASL","hsa04144"
"AKT1","hsa04620"
"CHUK","hsa04620"
"IKBKB","hsa04620"
"IKBKG","hsa04620"
"NFKB1","hsa04620"
"NFKBIA","hsa04620"
"PIK3CA","hsa04620"
"PIK3R1","hsa04620"
"PIK3R2","hsa04620"
"RAC1","hsa04620"
"RELA","hsa04620"
"TNF","hsa04620"
"AKT1","hsa04370"
"CDC42","hsa04370"
"PIK3CA","hsa04370"
"PIK3R1","hsa04370"
"PIK3R2","hsa04370"
"PLCG1","hsa04370"
"PTK2","hsa04370"
"RAC1","hsa04370"
"SRC","hsa04370"
"ADIPOQ","hsa04932"
"ADIPOR2","hsa04932"
"AKT1","hsa04932"
"CDC42","hsa04932"
"IKBKB","hsa04932"
"ITCH","hsa04932"
"NFKB1","hsa04932"
"PIK3CA","hsa04932"
"PIK3R1","hsa04932"
"PIK3R2","hsa04932"
"RAC1","hsa04932"
"RELA","hsa04932"
"SREBF1","hsa04932"
"TNF","hsa04932"
"AKT1","hsa05224"
"BRCA2","hsa05224"
"EGF","hsa05224"
"EGFR","hsa05224"
"ERBB2","hsa05224"
"GRB2","hsa05224"
"MTOR","hsa05224"
"PIK3CA","hsa05224"
"PIK3R1","hsa05224"
"PIK3R2","hsa05224"
"PTEN","hsa05224"
"SHC1","hsa05224"
"TP53","hsa05224"
"CD4","hsa04659"
"CHUK","hsa04659"
"IKBKB","hsa04659"
"IKBKG","hsa04659"
"JAK2","hsa04659"
"MTOR","hsa04659"
"NFKB1","hsa04659"
"NFKBIA","hsa04659"
"PLCG1","hsa04659"
"RELA","hsa04659"
"TGFBR1","hsa04659"
"AKT1","hsa05226"
"EGF","hsa05226"
"EGFR","hsa05226"
"ERBB2","hsa05226"
"GRB2","hsa05226"
"MTOR","hsa05226"
"PIK3CA","hsa05226"
"PIK3R1","hsa05226"
"PIK3R2","hsa05226"
"SHC1","hsa05226"
"SHH","hsa05226"
"TGFBR1","hsa05226"
"TP53","hsa05226"
"CHUK","hsa01523"
"IKBKB","hsa01523"
"IKBKG","hsa01523"
"NFKB1","hsa01523"
"RELA","hsa01523"
"TNF","hsa01523"
"ACTB","hsa05164"
"AKT1","hsa05164"
"CHUK","hsa05164"
"ICAM1","hsa05164"
"IKBKB","hsa05164"
"IKBKG","hsa05164"
"JAK2","hsa05164"
"NFKB1","hsa05164"
"NFKBIA","hsa05164"
"PIK3CA","hsa05164"
"PIK3R1","hsa05164"
"PIK3R2","hsa05164"
"RELA","hsa05164"
"TNF","hsa05164"
"FYN","hsa04650"
"GRB2","hsa04650"
"ICAM1","hsa04650"
"PIK3CA","hsa04650"
"PIK3R1","hsa04650"
"PIK3R2","hsa04650"
"PLCG1","hsa04650"
"PTK2B","hsa04650"
"PTPN11","hsa04650"
"RAC1","hsa04650"
"SHC1","hsa04650"
"TNF","hsa04650"
"AKT1","hsa04213"
"FOXO3","hsa04213"
"HDAC1","hsa04213"
"MTOR","hsa04213"
"PIK3CA","hsa04213"
"PIK3R1","hsa04213"
"PIK3R2","hsa04213"
"SIRT1","hsa04213"
"ADIPOQ","hsa04930"
"IKBKB","hsa04930"
"MTOR","hsa04930"
"PIK3CA","hsa04930"
"PIK3R1","hsa04930"
"PIK3R2","hsa04930"
"TNF","hsa04930"
"RFC2","hsa03430"
"RFC3","hsa03430"
"RFC4","hsa03430"
"RFC5","hsa03430"
"RPA1","hsa03430"
"AKT1","hsa04630"
"EGF","hsa04630"
"EGFR","hsa04630"
"GRB2","hsa04630"
"JAK2","hsa04630"
"MTOR","hsa04630"
"PDGFA","hsa04630"
"PDGFB","hsa04630"
"PDGFRB","hsa04630"
"PIK3CA","hsa04630"
"PIK3R1","hsa04630"
"PIK3R2","hsa04630"
"PTPN11","hsa04630"
"ACTB","hsa04611"
"AKT1","hsa04611"
"ARHGEF12","hsa04611"
"COL3A1","hsa04611"
"FYN","hsa04611"
"GNAQ","hsa04611"
"PIK3CA","hsa04611"
"PIK3R1","hsa04611"
"PIK3R2","hsa04611"
"RHOA","hsa04611"
"SRC","hsa04611"
"ACTB","hsa05225"
"AKT1","hsa05225"
"EGFR","hsa05225"
"GRB2","hsa05225"
"MTOR","hsa05225"
"PIK3CA","hsa05225"
"PIK3R1","hsa05225"
"PIK3R2","hsa05225"
"PLCG1","hsa05225"
"PTEN","hsa05225"
"SHC1","hsa05225"
"TGFBR1","hsa05225"
"TP53","hsa05225"
"AKT1","hsa05207"
"AR","hsa05207"
"ARRB2","hsa05207"
"CDC6","hsa05207"
"EGF","hsa05207"
"EGFR","hsa05207"
"GRB2","hsa05207"
"JAK2","hsa05207"
"MTOR","hsa05207"
"NFKB1","hsa05207"
"PIK3CA","hsa05207"
"PIK3R1","hsa05207"
"PIK3R2","hsa05207"
"RELA","hsa05207"
"SRC","hsa05207"
"NEDD4L","hsa04960"
"PDPK1","hsa04960"
"PIK3CA","hsa04960"
"PIK3R1","hsa04960"
"PIK3R2","hsa04960"
"SGK1","hsa04960"
"EGF","hsa04540"
"EGFR","hsa04540"
"GNAQ","hsa04540"
"GRB2","hsa04540"
"PDGFA","hsa04540"
"PDGFB","hsa04540"
"PDGFD","hsa04540"
"PDGFRB","hsa04540"
"SRC","hsa04540"
"AKT1","hsa05145"
"CHUK","hsa05145"
"IKBKB","hsa05145"
"IKBKG","hsa05145"
"JAK2","hsa05145"
"NFKB1","hsa05145"
"NFKBIA","hsa05145"
"PDPK1","hsa05145"
"RELA","hsa05145"
"TNF","hsa05145"
"ADORA2A","hsa04024"
"AKT1","hsa04024"
"CFTR","hsa04024"
"GIP","hsa04024"
"GIPR","hsa04024"
"GLI1","hsa04024"
"NFKB1","hsa04024"
"NFKBIA","hsa04024"
"PIK3CA","hsa04024"
"PIK3R1","hsa04024"
"PIK3R2","hsa04024"
"RAC1","hsa04024"
"RELA","hsa04024"
"RHOA","hsa04024"
"SLC9A1","hsa04024"
"CD4","hsa04658"
"CHUK","hsa04658"
"IKBKB","hsa04658"
"IKBKG","hsa04658"
"JAK2","hsa04658"
"NFKB1","hsa04658"
"NFKBIA","hsa04658"
"PLCG1","hsa04658"
"RELA","hsa04658"
"EGF","hsa05219"
"EGFR","hsa05219"
"ERBB2","hsa05219"
"MDM2","hsa05219"
"SRC","hsa05219"
"TP53","hsa05219"
"BCAR1","hsa04148"
"CRK","hsa04148"
"CRKL","hsa04148"
"DOCK1","hsa04148"
"ELMO1","hsa04148"
"JAK2","hsa04148"
"ODC1","hsa04148"
"PTK2","hsa04148"
"PTPN11","hsa04148"
"RAC1","hsa04148"
"SGK1","hsa04148"
"SIRT1","hsa04148"
"AKT1","hsa01524"
"ERBB2","hsa01524"
"MDM2","hsa01524"
"PDPK1","hsa01524"
"PIK3CA","hsa01524"
"PIK3R1","hsa01524"
"PIK3R2","hsa01524"
"TP53","hsa01524"
"ADORA2A","hsa04020"
"CXCR4","hsa04020"
"EGF","hsa04020"
"EGFR","hsa04020"
"ERBB2","hsa04020"
"ERBB3","hsa04020"
"GNAQ","hsa04020"
"ITPKB","hsa04020"
"PDGFA","hsa04020"
"PDGFB","hsa04020"
"PDGFD","hsa04020"
"PDGFRB","hsa04020"
"PLCG1","hsa04020"
"PTK2B","hsa04020"
"RYR1","hsa04020"
"TACR3","hsa04020"
"AKT1","hsa05162"
"CHUK","hsa05162"
"IKBKB","hsa05162"
"IKBKG","hsa05162"
"NFKB1","hsa05162"
"NFKBIA","hsa05162"
"PIK3CA","hsa05162"
"PIK3R1","hsa05162"
"PIK3R2","hsa05162"
"RELA","hsa05162"
"TP53","hsa05162"
"INPPL1","hsa04070"
"IP6K3","hsa04070"
"ITPKB","hsa04070"
"PIK3CA","hsa04070"
"PIK3R1","hsa04070"
"PIK3R2","hsa04070"
"PLCG1","hsa04070"
"PPIP5K2","hsa04070"
"PTEN","hsa04070"
"POLE","hsa03410"
"POLE2","hsa03410"
"RFC2","hsa03410"
"RFC3","hsa03410"
"RFC4","hsa03410"
"RFC5","hsa03410"
"POLE","hsa03420"
"POLE2","hsa03420"
"RFC2","hsa03420"
"RFC3","hsa03420"
"RFC4","hsa03420"
"RFC5","hsa03420"
"RPA1","hsa03420"
"COL3A1","hsa05146"
"GNAQ","hsa05146"
"NFKB1","hsa05146"
"PIK3CA","hsa05146"
"PIK3R1","hsa05146"
"PIK3R2","hsa05146"
"PTK2","hsa05146"
"RELA","hsa05146"
"TNF","hsa05146"
"ACTB","hsa04530"
"CDC42","hsa04530"
"CFTR","hsa04530"
"DLG1","hsa04530"
"ERBB2","hsa04530"
"EZR","hsa04530"
"MYH9","hsa04530"
"NEDD4L","hsa04530"
"RAC1","hsa04530"
"RHOA","hsa04530"
"SRC","hsa04530"
"WAS","hsa04530"
"AKT1","hsa04929"
"ARRB2","hsa04929"
"GNAQ","hsa04929"
"GPER1","hsa04929"
"PIK3CA","hsa04929"
"PIK3R1","hsa04929"
"PIK3R2","hsa04929"
"CHUK","hsa04622"
"IKBKB","hsa04622"
"IKBKG","hsa04622"
"NFKB1","hsa04622"
"NFKBIA","hsa04622"
"RELA","hsa04622"
"TNF","hsa04622"
"AKT1","hsa04915"
"EGFR","hsa04915"
"GNAQ","hsa04915"
"GPER1","hsa04915"
"GRB2","hsa04915"
"PIK3CA","hsa04915"
"PIK3R1","hsa04915"
"PIK3R2","hsa04915"
"SHC1","hsa04915"
"SRC","hsa04915"
"ARRB2","hsa04340"
"BTRC","hsa04340"
"GLI1","hsa04340"
"SHH","hsa04340"
"SMO","hsa04340"
"SUFU","hsa04340"
"ACTB","hsa04971"
"CFTR","hsa04971"
"EZR","hsa04971"
"GNAQ","hsa04971"
"KCNJ10","hsa04971"
"SLC4A2","hsa04971"
"SLC9A1","hsa04971"
"ADIPOQ","hsa04081"
"ADIPOR2","hsa04081"
"APPL1","hsa04081"
"GIP","hsa04081"
"GIPR","hsa04081"
"GNAQ","hsa04081"
"GPER1","hsa04081"
"JAK2","hsa04081"
"PIK3CA","hsa04081"
"PIK3R1","hsa04081"
"PIK3R2","hsa04081"
"RHOA","hsa04081"
"SRC","hsa04081"
"ACTB","hsa04613"
"AKT1","hsa04613"
"HDAC1","hsa04613"
"MTOR","hsa04613"
"NFKB1","hsa04613"
"PIK3CA","hsa04613"
"PIK3R1","hsa04613"
"PIK3R2","hsa04613"
"PLCG1","hsa04613"
"RAC1","hsa04613"
"RELA","hsa04613"
"SRC","hsa04613"
"AKT1","hsa05415"
"COL3A1","hsa05415"
"MTOR","hsa05415"
"NFKB1","hsa05415"
"PIK3CA","hsa05415"
"PIK3R1","hsa05415"
"PIK3R2","hsa05415"
"PTEN","hsa05415"
"RAC1","hsa05415"
"RELA","hsa05415"
"REN","hsa05415"
"TGFBR1","hsa05415"
"ACVR2B","hsa04350"
"HDAC1","hsa04350"
"RHOA","hsa04350"
"SKP1","hsa04350"
"TF","hsa04350"
"TFRC","hsa04350"
"TGFBR1","hsa04350"
"TNF","hsa04350"
"AKT1","hsa05010"
"CDK5","hsa05010"
"CHUK","hsa05010"
"GNAQ","hsa05010"
"IKBKB","hsa05010"
"IKBKG","hsa05010"
"KIF5A","hsa05010"
"KIF5B","hsa05010"
"KLC1","hsa05010"
"KLC2","hsa05010"
"KLC4","hsa05010"
"MTOR","hsa05010"
"NFKB1","hsa05010"
"PIK3CA","hsa05010"
"PIK3R1","hsa05010"
"PIK3R2","hsa05010"
"RELA","hsa05010"
"TNF","hsa05010"
"CHUK","hsa04657"
"IKBKB","hsa04657"
"IKBKG","hsa04657"
"NFKB1","hsa04657"
"NFKBIA","hsa04657"
"RELA","hsa04657"
"TNF","hsa04657"
"INPPL1","hsa00562"
"ISYNA1","hsa00562"
"ITPKB","hsa00562"
"PIK3CA","hsa00562"
"PLCG1","hsa00562"
"PTEN","hsa00562"
"GNAQ","hsa05143"
"ICAM1","hsa05143"
"TNF","hsa05143"
"VCAM1","hsa05143"
"CHUK","hsa05171"
"EGFR","hsa05171"
"IKBKB","hsa05171"
"IKBKG","hsa05171"
"NFKB1","hsa05171"
"NFKBIA","hsa05171"
"PIK3CA","hsa05171"
"PIK3R1","hsa05171"
"PIK3R2","hsa05171"
"PLCG1","hsa05171"
"RELA","hsa05171"
"TNF","hsa05171"
"CHUK","hsa04623"
"IKBKB","hsa04623"
"IKBKG","hsa04623"
"NFKB1","hsa04623"
"NFKBIA","hsa04623"
"RELA","hsa04623"
"CHUK","hsa04621"
"ERBIN","hsa04621"
"IKBKB","hsa04621"
"IKBKG","hsa04621"
"NFKB1","hsa04621"
"NFKBIA","hsa04621"
"RELA","hsa04621"
"RHOA","hsa04621"
"TNF","hsa04621"
"TXNIP","hsa04621"
"GLI1","hsa05217"
"SHH","hsa05217"
"SMO","hsa05217"
"SUFU","hsa05217"
"TP53","hsa05217"
"AKT1","hsa04371"
"APLN","hsa04371"
"APLNR","hsa04371"
"GNAQ","hsa04371"
"MTOR","hsa04371"
"RYR1","hsa04371"
"SLC9A1","hsa04371"
"TGFBR1","hsa04371"
"CD44","hsa04512"
"COL6A1","hsa04512"
"COL6A2","hsa04512"
"COL6A3","hsa04512"
"ITGA8","hsa04512"
"NPNT","hsa04512"
"ACTB","hsa04814"
"DYNLL1","hsa04814"
"KIF13B","hsa04814"
"KIF23","hsa04814"
"KIF5A","hsa04814"
"KIF5B","hsa04814"
"KLC1","hsa04814"
"KLC2","hsa04814"
"KLC4","hsa04814"
"MYH9","hsa04814"
"AKT1","hsa04725"
"FYN","hsa04725"
"GNAQ","hsa04725"
"JAK2","hsa04725"
"PIK3CA","hsa04725"
"PIK3R1","hsa04725"
"PIK3R2","hsa04725"
"CCNA2","hsa05202"
"FLT3","hsa05202"
"HDAC1","hsa05202"
"MDM2","hsa05202"
"NFKB1","hsa05202"
"PDGFA","hsa05202"
"PTK2","hsa05202"
"REL","hsa05202"
"RELA","hsa05202"
"TP53","hsa05202"
"CDC42","hsa04912"
"EGFR","hsa04912"
"GNAQ","hsa04912"
"GRB2","hsa04912"
"PTK2B","hsa04912"
"SRC","hsa04912"
