"chr","pos","UCSC_RefGene_Name","UCSC_RefGene_Group","first_gene","HGNC_symbol","cpg"
"chr1",55445880,"TMEM61","TSS1500","TMEM61","TMEM61","cg02008416"
"chr1",201368946,"LAD1","TSS1500","LAD1","LAD1","cg25947945"
"chr2",220283175,"DES;DES","1stExon;5'UTR","DES","DES","cg18182399"
"chr5",80529340,"RNU5E;RNU5D;CKMT2;CKMT2;CKMT2","Body;Body;5'UTR;5'UTR;5'UTR","RNU5E","RNU5E-1","cg10978355"
"chr10",131265575,"MGMT","Body","MGMT","MGMT","cg12981137"
"chr19",6739192,"TRIP10","TSS1500","TRIP10","TRIP10","cg02085507"
"chr19",10736355,"SLC44A2;SLC44A2","Body;Body","SLC44A2","SLC44A2","cg21663431"
"chr1",201081686,"CACNA1S;CACNA1S","1stExon;5'UTR","CACNA1S","CACNA1S","cg00095526"
"chr1",54520432,"C1orf83;TMEM59","Body;TSS1500","C1orf83","TCEANC2","cg01182697"
"chr1",119911480,"HAO2;HAO2;HAO2;HAO2","5'UTR;1stExon;5'UTR;1stExon","HAO2","HAO2","cg03762535"
"chr1",200842145,"GPR25","TSS200","GPR25","GPR25","cg04983977"
"chr1",34632585,"C1orf94;CSMD2","TSS200;TSS1500","C1orf94","C1orf94","cg05382123"
"chr1",100644688,"LRRC39","TSS1500","LRRC39","LRRC39","cg07232688"
"chr1",24469564,"IL22RA1","1stExon","IL22RA1","IL22RA1","cg09152089"
"chr1",179561500,"TDRD5","5'UTR","TDRD5","TDRD5","cg09656934"
"chr1",223101848,"DISP1;DISP1","1stExon;5'UTR","DISP1","DISP1","cg10942056"
"chr1",43231483,"LEPRE1;LEPRE1;C1orf50","Body;Body;TSS1500","LEPRE1","P3H1","cg12799265"
"chr1",229569608,"ACTA1","5'UTR","ACTA1","ACTA1","cg13547644"
"chr1",241799084,"CHML;OPN3;CHML","1stExon;Body;5'UTR","CHML","CHML","cg15775914"
"chr1",32281466,"SPOCD1","5'UTR","SPOCD1","SPOCD1","cg15789095"
"chr1",114522670,"OLFML3","Body","OLFML3","OLFML3","cg17253459"
"chr1",15911702,"AGMAT","TSS200","AGMAT","AGMAT","cg17385448"
"chr1",151805634,"RORC","TSS1500","RORC","RORC","cg18149207"
"chr1",230850299,"AGT;AGT","1stExon;5'UTR","AGT","AGT","cg19125606"
"chr1",6664268,"KLHL21","TSS1500","KLHL21","KLHL21","cg19884658"
"chr1",54520450,"C1orf83;TMEM59","Body;TSS1500","C1orf83","TCEANC2","cg20793071"
"chr1",156646653,"NES","1stExon","NES","NES","cg21838334"
"chr1",161059327,"PVRL4;PVRL4","5'UTR;1stExon","PVRL4","NECTIN4","cg22585988"
"chr1",161493011,"HSPA6","TSS1500","HSPA6","HSPA6","cg24192663"
"chr1",16330784,"C1orf64;C1orf64","1stExon;5'UTR","C1orf64","SRARP","cg24525573"
"chr2",233352951,"ECEL1","TSS1500","ECEL1","ECEL1","cg02932167"
"chr2",44586901,"PREPL;PREPL;PREPL;PREPL;PREPL;PREPL;PREPL;PREPL","5'UTR;1stExon;5'UTR;5'UTR;TSS200;TSS200;5'UTR;5'UTR","PREPL","PREPL","cg03894103"
"chr2",27531170,"UCN","TSS200","UCN","UCN","cg04527918"
"chr2",71163123,"ATP6V1B1","1stExon","ATP6V1B1","ATP6V1B1","cg06946880"
"chr2",121223534,"LOC84931","Body","LOC84931",NA,"cg07412254"
"chr2",202484020,"ALS2CR11;ALS2CR11;ALS2CR11;ALS2CR11","TSS200;TSS200;TSS200;TSS200","ALS2CR11","C2CD6","cg11052143"
"chr2",131674201,"ARHGEF4;ARHGEF4","TSS200;TSS200","ARHGEF4","ARHGEF4","cg11469778"
"chr2",3383257,"TTC15","TSS200","TTC15","TRAPPC12","cg12447832"
"chr2",68592737,"PLEK","Body","PLEK","PLEK","cg13468685"
"chr2",202484098,"ALS2CR11;ALS2CR11;ALS2CR11;ALS2CR11","TSS200;TSS200;TSS200;TSS200","ALS2CR11","C2CD6","cg15780361"
"chr2",198651303,"BOLL;BOLL","TSS1500;TSS1500","BOLL","BOLL","cg17560332"
"chr2",201980504,"CFLAR;CFLAR","TSS1500;TSS1500","CFLAR","CFLAR","cg18119407"
"chr2",17936424,"GEN1;SMC6;SMC6;GEN1","5'UTR;TSS1500;TSS1500;5'UTR","GEN1","GEN1","cg18220560"
"chr2",233878714,"NGEF","TSS1500","NGEF","NGEF","cg19485804"
"chr2",27530829,"UCN","5'UTR","UCN","UCN","cg20028470"
"chr2",74780272,"LOXL3","5'UTR","LOXL3","LOXL3","cg23674882"
"chr2",219850465,"FEV","TSS200","FEV","FEV","cg24178740"
"chr3",50378191,"RASSF1;RASSF1","1stExon;1stExon","RASSF1","RASSF1","cg00777121"
"chr3",50360097,"HYAL2;HYAL2;HYAL2","5'UTR;1stExon;TSS1500","HYAL2","HYAL2","cg00840516"
"chr3",158390329,"LXN;LXN;GFM1","1stExon;5'UTR;Body","LXN","LXN","cg07654934"
"chr3",149051031,"TM4SF18","Body","TM4SF18","TM4SF18","cg11761535"
"chr3",13590419,"FBLN2;FBLN2","TSS1500;TSS1500","FBLN2","FBLN2","cg16604516"
"chr3",10184319,"VHL;VHL","Body;Body","VHL","VHL","cg16869108"
"chr3",72496875,"RYBP","TSS1500","RYBP","RYBP","cg16990174"
"chr3",29323182,"RBMS3;RBMS3;RBMS3","1stExon;1stExon;1stExon","RBMS3","RBMS3","cg17237063"
"chr3",42201898,"TRAK1;TRAK1","1stExon;Body","TRAK1","TRAK1","cg24877842"
"chr3",50360690,"HYAL2","TSS1500","HYAL2","HYAL2","cg27091787"
"chr4",178364342,"AGA","TSS1500","AGA","AGA","cg00398048"
"chr4",139162808,"SLC7A11","Body","SLC7A11","SLC7A11","cg06690548"
"chr4",5895098,"CRMP1","TSS1500","CRMP1","CRMP1","cg22680204"
"chr4",130013618,"SCLT1;C4orf33","Body;TSS1500","SCLT1","SCLT1","cg24362726"
"chr5",78365801,"BHMT2;DMGDH","Body;TSS1500","BHMT2","BHMT2","cg03400060"
"chr5",35991735,"UGT3A1","TSS1500","UGT3A1","UGT3A1","cg05512756"
"chr5",141061285,"ARAP3","5'UTR","ARAP3","ARAP3","cg11136562"
"chr5",141338604,"PCDH12;PCDH12","1stExon;5'UTR","PCDH12","PCDH12","cg12845808"
"chr5",27038782,"CDH9","TSS200","CDH9","CDH9","cg12864235"
"chr5",150040280,"MYOZ3;MYOZ3","TSS200;TSS200","MYOZ3","MYOZ3","cg14600885"
"chr5",81267578,"ATG10;ATG10","TSS1500;TSS1500","ATG10","ATG10","cg14613972"
"chr5",179220545,"LTC4S","TSS1500","LTC4S","LTC4S","cg16361890"
"chr5",121465223,"ZNF474;ZNF474","1stExon;5'UTR","ZNF474","ZNF106","cg22282672"
"chr6",32191895,"NOTCH4","TSS200","NOTCH4","NOTCH4","cg05973262"
"chr6",152130207,"ESR1;ESR1;ESR1;ESR1","Body;Body;Body;Body","ESR1","ESR1","cg15626350"
"chr7",114055419,"FOXP2;FOXP2;FOXP2","5'UTR;5'UTR;5'UTR","FOXP2","FOXP2","cg05232889"
"chr7",128354967,"FAM71F1","TSS1500","FAM71F1","GARIN1B","cg10157098"
"chr7",72848481,"FZD9","1stExon","FZD9","FZD9","cg20692569"
"chr7",20685988,"ABCB5;ABCB5;ABCB5;ABCB5","Body;TSS1500;TSS1500;TSS1500","ABCB5","ABCB5","cg21643191"
"chr7",44105434,"PGAM2","TSS1500","PGAM2","PGAM2","cg23616741"
"chr8",134202370,"WISP1;WISP1","TSS1500;TSS1500","WISP1","CCN4","cg03670238"
"chr8",145654635,"VPS28;NFKBIL2;VPS28","TSS1500;Body;TSS1500","VPS28","VPS28","cg05807444"
"chr8",144661051,"NAPRT1","TSS1500","NAPRT1","NAPRT","cg15537850"
"chr8",95962463,"TP53INP1;TP53INP1","TSS1500;TSS1500","TP53INP1","TP53INP1","cg18059933"
"chr8",6420506,"ANGPT2;ANGPT2;ANGPT2;ANGPT2;ANGPT2;ANGPT2;MCPH1","5'UTR;1stExon;5'UTR;1stExon;5'UTR;1stExon;Body","ANGPT2","ANGPT2","cg24670715"
"chr9",136038690,"GBGT1","5'UTR","GBGT1","GBGT1","cg01169778"
"chr9",86572014,"C9orf64","TSS1500","C9orf64","QNG1","cg02654291"
"chr9",130617534,"ENG;ENG","TSS1500;TSS1500","ENG","ENG","cg05050341"
"chr9",34457440,"C9orf25;DNAI1","Body;TSS1500","C9orf25","FAM219A","cg08578641"
"chr9",112810402,"PALM2-AKAP2;AKAP2;PALM2-AKAP2","Body;TSS1500;Body","PALM2-AKAP2","PALM2AKAP2","cg15083233"
"chr9",124029926,"GSN;GSN;GSN;GSN;GSN;GSN;GSN","TSS1500;TSS1500;TSS1500;TSS1500;TSS1500;TSS1500;TSS1500","GSN","GSN","cg17071957"
"chr9",134165268,"PPAPDC3;PPAPDC3","1stExon;5'UTR","PPAPDC3","PLPP7","cg18636641"
"chr9",124133094,"STOM;STOM","TSS1500;TSS1500","STOM","STOM","cg18676053"
"chr9",139096747,"LHX3","Body","LHX3","LHX3","cg20300246"
"chr9",34457500,"C9orf25;DNAI1","Body;TSS1500","C9orf25","FAM219A","cg23579062"
"chr9",130616917,"ENG;ENG;ENG;ENG","5'UTR;1stExon;5'UTR;1stExon","ENG","ENG","cg24910675"
"chr10",69868860,"MYPN","TSS1500","MYPN","MYPN","cg00745735"
"chr10",85932763,"C10orf99","TSS1500","C10orf99","GPR15LG","cg04126866"
"chr10",119300942,"EMX2;EMX2OS;EMX2","TSS1500;Body;TSS1500","EMX2","EMX2","cg19358493"
"chr10",88716646,"MMRN2","Body","MMRN2","MMRN2","cg19368582"
"chr10",77542488,"C10orf11","TSS200","C10orf11","LRMDA","cg25414165"
"chr10",131265073,"MGMT","TSS1500","MGMT","MGMT","cg25946389"
"chr10",71176501,"TACR2;TACR2","1stExon;5'UTR","TACR2","TACR2","cg26984805"
"chr11",63259187,"HRASLS5;HRASLS5;HRASLS5","TSS1500;TSS1500;TSS1500","HRASLS5","PLAAT5","cg00754253"
"chr11",74178761,"KCNE3","TSS200","KCNE3","KCNE3","cg02595219"
"chr11",111789693,"C11orf52;C11orf52","1stExon;5'UTR","C11orf52","C11orf52","cg05697249"
"chr11",67777952,"ALDH3B1;ALDH3B1;ALDH3B1","5'UTR;5'UTR;5'UTR","ALDH3B1","ALDH3B1","cg07730301"
"chr11",18433745,"LDHC;LDHC","TSS200;TSS200","LDHC","LDHC","cg08418111"
"chr11",111789493,"C11orf52","TSS200","C11orf52","C11orf52","cg08775230"
"chr11",74442900,"CHRDL2","TSS1500","CHRDL2","CHRDL2","cg08952029"
"chr11",64322890,"SLC22A11","TSS1500","SLC22A11","SLC22A11","cg09705062"
"chr11",67220043,"GPR152","1stExon","GPR152","GPR152","cg11504740"
"chr11",615519,"IRF7;IRF7;IRF7;IRF7","5'UTR;5'UTR;1stExon;5'UTR","IRF7","IRF7","cg16541031"
"chr11",119211646,"C1QTNF5;MFRP","5'UTR;3'UTR","C1QTNF5","C1QTNF5","cg20483374"
"chr11",62783543,"SLC22A8","TSS1500","SLC22A8","SLC22A8","cg21062347"
"chr11",67352041,"GSTP1","Body","GSTP1","GSTP1","cg22224704"
"chr11",17740430,"MYOD1","TSS1500","MYOD1","MYOD1","cg24322623"
"chr12",2943902,"NRIP2","1stExon","NRIP2","NRIP2","cg00830029"
"chr12",95945120,"USP44;USP44","1stExon;5'UTR","USP44","USP44","cg03453449"
"chr12",95945366,"USP44","TSS200","USP44","USP44","cg04488758"
"chr12",49366538,"WNT10B","TSS1500","WNT10B","WNT10B","cg05164634"
"chr12",52437299,"","","",NA,"cg05261299"
"chr12",108732994,"CMKLR1;CMKLR1;CMKLR1;CMKLR1;CMKLR1;CMKLR1","1stExon;1stExon;1stExon;5'UTR;5'UTR;5'UTR","CMKLR1","CMKLR1","cg06933965"
"chr12",54020444,"ATF7;ATF7","TSS1500;TSS1500","ATF7","ATF7","cg07992625"
"chr12",56617737,"OBFC2B","TSS1500","OBFC2B","NABP2","cg08409225"
"chr12",102091054,"CHPT1","TSS1500","CHPT1","CHPT1","cg12924262"
"chr12",48399140,"COL2A1;COL2A1","TSS1500;TSS1500","COL2A1","COL2A1","cg19601035"
"chr12",78224480,"NAV3","TSS1500","NAV3","NAV3","cg20217872"
"chr12",113416518,"OAS2;OAS2;OAS2","1stExon;1stExon;1stExon","OAS2","OAS2","cg20870559"
"chr12",123215119,"GPR81;GPR81","1stExon;5'UTR","GPR81","HCAR1","cg22534509"
"chr13",31506710,"C13orf26","TSS200","C13orf26","TEX26","cg10923408"
"chr13",78492306,"EDNRB;EDNRB;EDNRB","1stExon;1stExon;Body","EDNRB","EDNRB","cg12120741"
"chr13",53314203,"LECT1;LECT1","TSS1500;TSS1500","LECT1","CNMD","cg22398616"
"chr13",43566401,"EPSTI1;EPSTI1","TSS200;TSS200","EPSTI1","EPSTI1","cg22905097"
"chr14",23846479,"CMTM5;CMTM5","1stExon;1stExon","CMTM5","CMTM5","cg00174500"
"chr14",23836012,"EFS;EFS","TSS1500;TSS1500","EFS","EFS","cg07197059"
"chr14",23878195,"MYH6","TSS1500","MYH6","MYH6","cg21301148"
"chr14",65008050,"HSPA2","1stExon","HSPA2","HSPA2","cg27120999"
"chr15",63889711,"FBXL22","1stExon","FBXL22","FBXL22","cg13288195"
"chr15",40763995,"CHST14","1stExon","CHST14","CHST14","cg14837165"
"chr15",34516640,"TMEM85","TSS1500","TMEM85","EMC4","cg14847483"
"chr15",65670876,"IGDCC3","TSS1500","IGDCC3","IGDCC3","cg16003238"
"chr16",20420652,"ACSM5","TSS1500","ACSM5","ACSM5","cg04428453"
"chr16",67700960,"C16orf86;C16orf48","1stExon;TSS1500","C16orf86","C16orf86","cg06637893"
"chr16",2801793,"LOC100128788;SRRM2","Body;TSS1500","LOC100128788",NA,"cg06736444"
"chr16",31538946,"AHSP","TSS1500","AHSP","AHSP","cg14387505"
"chr16",66954257,"CDH16","TSS1500","CDH16","CDH16","cg14792480"
"chr16",56642024,"MT2A","TSS1500","MT2A","MT2A","cg17886959"
"chr16",84438123,"ATP2C2","Body","ATP2C2","ATP2C2","cg18806980"
"chr16",27413904,"IL21R;IL21R;IL21R","TSS1500;1stExon;5'UTR","IL21R","IL21R","cg19423311"
"chr16",57318087,"PLLP","Body","PLLP","PLLP","cg23713520"
"chr16",68772430,"CDH1","Body","CDH1","CDH1","cg24765079"
"chr16",58163814,"C16orf80","TSS1500","C16orf80","CFAP20","cg25771195"
"chr17",1395880,"MYO1C;MYO1C;MYO1C","1stExon;5'UTR;TSS1500","MYO1C","MYO1C","cg00597076"
"chr17",27044169,"RAB34;RAB34;RAB34;RAB34;RAB34;RAB34;RAB34","Body;Body;Body;Body;Body;Body;Body","RAB34","RAB34","cg05668853"
"chr17",10452851,"MYH2;MYH2","5'UTR;5'UTR","MYH2","MYH2","cg06220958"
"chr17",74463681,"AANAT;AANAT;AANAT","Body;1stExon;5'UTR","AANAT","AANAT","cg09382492"
"chr17",46608293,"HOXB1","TSS200","HOXB1","HOXB1","cg17233506"
"chr17",44249866,"KIAA1267","TSS1500","KIAA1267","KANSL1","cg19832721"
"chr17",34417575,"CCL3","TSS200","CCL3","CCL3","cg22518733"
"chr17",6658898,"XAF1;XAF1","TSS1500;TSS1500","XAF1","XAF1","cg23571857"
"chr17",6659364,"XAF1;XAF1;XAF1;XAF1","5'UTR;5'UTR;1stExon;1stExon","XAF1","XAF1","cg27146152"
"chr17",72931664,"OTOP3","TSS1500","OTOP3","OTOP3","cg27243140"
"chr18",10454085,"APCDD1","TSS1500","APCDD1","APCDD1","cg19264571"
"chr19",15121531,"CCDC105","TSS200","CCDC105","TEKTL1","cg02489552"
"chr19",6463949,"CRB3;CRB3","TSS1500;TSS1500","CRB3","CRB3","cg03258472"
"chr19",2428514,"LMNB2;TIMM13","3'UTR;TSS1500","LMNB2","LMNB2","cg03870261"
"chr19",51487136,"KLK7;KLK7;KLK7","5'UTR;1stExon;TSS200","KLK7","KLK7","cg06258834"
"chr19",41255304,"C19orf54;SNRPA","Body;TSS1500","C19orf54","ACTMAP","cg08367223"
"chr19",14585209,"PTGER1","5'UTR","PTGER1","PTGER1","cg10468702"
"chr19",3062883,"AES;AES;AES","TSS1500;1stExon;TSS1500","AES","TLE5","cg13044136"
"chr19",1274794,"CIRBP;CIRBP;C19orf24","Body;Body;TSS1500","CIRBP","CIRBP","cg13795840"
"chr19",15618559,"CYP4F22","TSS1500","CYP4F22","CYP4F22","cg14851685"
"chr19",13213451,"LYL1;LYL1","5'UTR;1stExon","LYL1","LYL1","cg15013019"
"chr19",38924045,"RYR1;RYR1","TSS1500;TSS1500","RYR1","RYR1","cg15517609"
"chr19",46916520,"CCDC8;CCDC8","1stExon;5'UTR","CCDC8","CCDC8","cg15984661"
"chr19",53758609,"ZNF677","TSS1500","ZNF677","ZNF677","cg16708981"
"chr19",10736038,"SLC44A2;SLC44A2","TSS200;Body","SLC44A2","SLC44A2","cg17826679"
"chr19",52391480,"ZNF577;ZNF577;ZNF577","TSS1500;TSS1500;TSS1500","ZNF577","ZNF577","cg22472290"
"chr19",46142914,"MIR330;EML2","TSS1500;TSS1500","MIR330","MIR330","cg25277950"
"chr19",36024313,"GAPDHS;GAPDHS","5'UTR;1stExon","GAPDHS","GAPDHS","cg25681177"
"chr19",54677232,"MBOAT7;MBOAT7;TMC4;MBOAT7;TMC4","3'UTR;3'UTR;TSS1500;3'UTR;TSS1500","MBOAT7","MBOAT7","cg25736482"
"chr19",49658913,"HRC","TSS1500","HRC","HRC","cg27016307"
"chr20",6035139,"LRRN4","TSS1500","LRRN4","LRCH4","cg01869233"
"chr20",35201610,"TGIF2","TSS1500","TGIF2","TGIF2","cg12556134"
"chr20",34556051,"C20orf152","TSS1500","C20orf152","CNBD2","cg13236107"
"chr20",3713584,"HSPA12B","5'UTR","HSPA12B","HSPA12B","cg15127733"
"chr20",42964959,"R3HDML","TSS1500","R3HDML","R3HDML","cg17692403"
"chr20",23066947,"CD93;CD93","5'UTR;1stExon","CD93","CD93","cg19138960"
"chr20",35169609,"MYL9;MYL9","TSS1500;TSS1500","MYL9","MYL9","cg21671476"
"chr20",62179233,"SRMS","TSS1500","SRMS","SRMS","cg22442730"
"chr20",44880263,"CDH22;CDH22","1stExon;5'UTR","CDH22","CDH22","cg24101578"
"chr21",30391784,"RWDD2B","TSS200","RWDD2B","RWDD2B","cg18001427"
"chr21",42880554,"TMPRSS2;TMPRSS2","TSS1500;TSS1500","TMPRSS2","TMPRSS2","cg24901042"
"chr22",31536549,"PLA2G3","TSS200","PLA2G3","PLA2G3","cg00727590"
"chr22",29703543,"GAS2L1;GAS2L1;GAS2L1","5'UTR;5'UTR;5'UTR","GAS2L1","GAS2L1","cg02293044"
"chr22",37608611,"SSTR3","TSS1500","SSTR3","SSTR3","cg03389133"
"chr22",39897580,"SMCR7L","TSS1500","SMCR7L","MIEF1","cg03972838"
"chr22",45072724,"PRR5;PRR5;PRR5;PRR5;PRR5;PRR5","5'UTR;1stExon;5'UTR;5'UTR;5'UTR;1stExon","PRR5","PRR5","cg06849477"
"chr22",46482023,"LOC400931","Body","LOC400931",NA,"cg07546360"
"chr22",37414747,"MPST;MPST;TST;MPST;MPST","TSS1500;TSS1500;Body;TSS1500;TSS1500","MPST","MPST","cg08727202"
"chr22",37640402,"RAC2","TSS200","RAC2","RAC2","cg14072120"
"chr22",37584227,"C1QTNF6;C1QTNF6","1stExon;1stExon","C1QTNF6","C1QTNF6","cg26143719"
